soundname	 nsyll	 npause	 dur	 phonationtime
CAT_F1_Su__O1	74	4	15.09	12.43
CAT_F1_Su__O2	106	7	20.76	16.92
CAT_F1_Su__O3	108	5	23.87	19.96
CAT_F1_Su__O4	123	11	28.47	22.42
CAT_F1_Su__O6	76	4	18.16	13.49
CAT_F1_Su__O8	111	8	24.57	18.95
CAT_F1_Su__O9	64	4	14.77	11.35
CAT_F1_Su__P0	96	8	23.68	18.53
CAT_F1_Su__P1	110	6	24.2	19.74
CAT_F1_Su__P2	94	5	21.5	17.33
CAT_F1_Su__P3	114	8	24.1	19.39
CAT_F1_Su__P8	99	6	22.48	17.9
CAT_F1_Su__P9	95	6	20.62	17.05
CAT_F1_Su__Q0	109	5	23.78	18.55
CAT_F1_Su__Q1	75	7	17.23	13.48
CAT_F2_De__O1	71	4	15.98	12.51
CAT_F2_De__O2	107	6	20.06	16.49
CAT_F2_De__O3	104	3	21.5	18.48
CAT_F2_De__O4	106	4	23.08	19.98
CAT_F2_De__O6	71	3	15.19	12.48
CAT_F2_De__O8	91	5	20.06	16.45
CAT_F2_De__O9	60	3	12.68	10.02
CAT_F2_De__P0	96	4	19.78	16.69
CAT_F2_De__P1	102	5	19.92	16.36
CAT_F2_De__P2	90	3	18.58	15.46
CAT_F2_De__P3	103	4	21.36	17.92
CAT_F2_De__P8	82	3	17.79	15.06
CAT_F2_De__P9	85	2	17.83	15.5
CAT_F2_De__Q0	100	4	19.78	16.71
CAT_F2_De__Q1	69	3	14.4	12.31
CAT_F3_Mo__O1	73	5	15.65	12.44
CAT_F3_Mo__O2	98	5	19.27	16.28
CAT_F3_Mo__O3	118	8	24.52	20.26
CAT_F3_Mo__O4	117	9	24.89	20.3
CAT_F3_Mo__O6	80	4	16.63	13.72
CAT_F3_Mo__O8	106	7	22.29	17.84
CAT_F3_Mo__O9	68	2	13	10.9
CAT_F3_Mo__P0	101	5	20.34	17.42
CAT_F3_Mo__P1	110	6	22.99	19.25
CAT_F3_Mo__P2	102	7	21.13	17.68
CAT_F3_Mo__P3	112	4	21.22	18.49
CAT_F3_Mo__P8	92	6	19.83	16.18
CAT_F3_Mo__P9	105	6	21.27	17.29
CAT_F3_Mo__Q0	112	9	23.59	19.02
CAT_F3_Mo__Q1	84	6	15.7	13.01
CAT_F4_Mi__O1	69	5	16.35	12.18
CAT_F4_Mi__O2	93	9	21.83	16.46
CAT_F4_Mi__O3	107	10	23.41	19.51
CAT_F4_Mi__O4	116	15	26.7	20.93
CAT_F4_Mi__O6	77	5	17.23	13.69
CAT_F4_Mi__O8	110	9	24.06	17.54
CAT_F4_Mi__O9	65	5	14.54	11.52
CAT_F4_Mi__P0	106	9	23.73	18.67
CAT_F4_Mi__P1	105	7	21.83	17.8
CAT_F4_Mi__P2	104	7	21.41	17.13
CAT_F4_Mi__P3	109	8	23.31	18.86
CAT_F4_Mi__P8	89	6	20.02	15.92
CAT_F4_Mi__P9	90	7	20.29	16.79
CAT_F4_Mi__Q0	98	10	22.76	17.65
CAT_F4_Mi__Q1	79	6	16.35	13.06
CAT_F5_An__O1	81	7	18.85	13.81
CAT_F5_An__O2	108	9	24.47	18.68
CAT_F5_An__O3	125	8	28.14	22.53
CAT_F5_An__O4	129	8	28.61	23.33
CAT_F5_An__O6	83	6	20.85	14.95
CAT_F5_An__O8	122	8	25.26	19.63
CAT_F5_An__O9	72	3	16.11	12.26
CAT_F5_An__P0	109	6	25.59	20.19
CAT_F5_An__P1	111	5	23.82	19.25
CAT_F5_An__P2	99	6	23.96	18.83
CAT_F5_An__P3	123	7	28.33	22.36
CAT_F5_An__P8	111	5	24.85	20.24
CAT_F5_An__P9	107	8	23.59	18.79
CAT_F5_An__Q0	107	8	24.8	19.39
CAT_F5_An__Q1	86	5	19.83	15.4
CAT_M1_Xa__O1	64	4	16.16	11.9
CAT_M1_Xa__O2	87	4	19.5	15.66
CAT_M1_Xa__O3	98	8	22.94	18
CAT_M1_Xa__O4	97	7	25.03	19.99
CAT_M1_Xa__O6	71	5	17.51	13.39
CAT_M1_Xa__O8	99	8	22.62	17.13
CAT_M1_Xa__O9	59	3	13.51	10.56
CAT_M1_Xa__P0	89	8	23.08	17.42
CAT_M1_Xa__P1	83	4	19.69	16.36
CAT_M1_Xa__P2	85	7	19.6	15.67
CAT_M1_Xa__P3	102	4	21.18	17.38
CAT_M1_Xa__P8	80	3	18.62	14.98
CAT_M1_Xa__P9	87	4	19.23	15.37
CAT_M1_Xa__Q0	95	3	21.55	17.44
CAT_M1_Xa__Q1	65	3	14.44	11.53
CAT_M2_Al__O1	56	5	15	11.46
CAT_M2_Al__O2	87	5	20.34	16.7
CAT_M2_Al__O3	95	11	23.82	19.12
CAT_M2_Al__O4	100	7	25.26	19.65
CAT_M2_Al__O6	70	5	16.35	13.55
CAT_M2_Al__O8	94	7	21.64	16.93
CAT_M2_Al__O9	55	4	13.89	10.47
CAT_M2_Al__P0	89	6	21.22	16.8
CAT_M2_Al__P1	87	5	20.67	17.07
CAT_M2_Al__P2	87	8	20.57	16.28
CAT_M2_Al__P3	105	7	22.76	19.15
CAT_M2_Al__P8	83	7	21.04	16.14
CAT_M2_Al__P9	88	6	21.64	16.42
CAT_M2_Al__Q0	94	8	23.13	17.68
CAT_M2_Al__Q1	69	7	17.18	13.37
CAT_M3_Da__O1	69	5	16.95	12.6
CAT_M3_Da__O2	92	6	20.15	16.1
CAT_M3_Da__O3	103	7	23.96	19.43
CAT_M3_Da__O4	102	10	24.8	19.32
CAT_M3_Da__O6	69	4	16.49	12.92
CAT_M3_Da__O8	99	8	20.8	16.2
CAT_M3_Da__O9	61	3	12.77	10.51
CAT_M3_Da__P0	88	6	21.13	17.15
CAT_M3_Da__P1	97	5	21.36	17.7
CAT_M3_Da__P2	86	5	19.83	15.95
CAT_M3_Da__P3	106	6	23.03	18.51
CAT_M3_Da__P8	90	7	19.55	14.96
CAT_M3_Da__P9	88	6	19.6	15.8
CAT_M3_Da__Q0	87	6	19.78	15.83
CAT_M3_Da__Q1	72	7	15.6	11.83
CAT_M4_Ma__O1	77	10	22.89	14.76
CAT_M4_Ma__O2	109	13	27.96	19.01
CAT_M4_Ma__O3	113	11	29.91	21.16
CAT_M4_Ma__O4	112	14	29.81	21.32
CAT_M4_Ma__O6	79	7	19.46	14.12
CAT_M4_Ma__O8	107	10	24.98	17.95
CAT_M4_Ma__O9	65	6	15.79	11.16
CAT_M4_Ma__P0	106	9	24.71	17.82
CAT_M4_Ma__P1	106	5	23.27	17.9
CAT_M4_Ma__P2	92	9	21.92	16.33
CAT_M4_Ma__P3	119	12	25.87	18.44
CAT_M4_Ma__P8	102	11	23.78	16.7
CAT_M4_Ma__P9	101	7	24.57	18.38
CAT_M4_Ma__Q0	117	8	25.03	19
CAT_M4_Ma__Q1	80	9	20.11	13.66
CAT_M5_Jo__O1	71	3	16.81	13.48
CAT_M5_Jo__O2	83	8	21.41	16.67
CAT_M5_Jo__O3	104	11	26.66	20.8
CAT_M5_Jo__O4	101	14	30.56	23.48
CAT_M5_Jo__O6	68	5	20.76	15.69
CAT_M5_Jo__O8	83	13	24.71	17.42
CAT_M5_Jo__O9	58	4	14.26	11.04
CAT_M5_Jo__P0	90	13	26.28	19.09
CAT_M5_Jo__P1	92	9	24.94	18.71
CAT_M5_Jo__P2	76	6	20.25	15.98
CAT_M5_Jo__P3	94	9	27.96	20.06
CAT_M5_Jo__P8	90	9	25.08	19.68
CAT_M5_Jo__P9	84	7	22.15	17.72
CAT_M5_Jo__Q0	90	9	23.08	18.19
CAT_M5_Jo__Q1	68	6	18.48	14.64
CMN_F1_Hu__O1	48	3	14.07	10.62
CMN_F1_Hu__O2	67	2	16.07	11.94
CMN_F1_Hu__O3	60	3	16.53	12.21
CMN_F1_Hu__O4	75	4	17.97	14.69
CMN_F1_Hu__O6	45	3	15.42	10.88
CMN_F1_Hu__O8	53	4	14.68	11.37
CMN_F1_Hu__O9	48	2	12.4	9.87
CMN_F1_Hu__P0	88	3	20.15	16.93
CMN_F1_Hu__P1	55	3	15.98	12.18
CMN_F1_Hu__P2	58	2	14.4	11.37
CMN_F1_Hu__P3	69	5	18.11	14.44
CMN_F1_Hu__P8	67	3	15.98	13.23
CMN_F1_Hu__P9	62	5	17.32	12.7
CMN_F1_Hu__Q0	63	4	15.14	11.87
CMN_F1_Hu__Q1	40	3	13.05	9.53
CMN_F2_Yu__O1	51	4	12.96	10.22
CMN_F2_Yu__O2	60	4	14.63	12.09
CMN_F2_Yu__O3	63	5	15.09	12.35
CMN_F2_Yu__O4	76	3	17.18	14.61
CMN_F2_Yu__O6	53	4	13.42	10.81
CMN_F2_Yu__O8	56	7	15.09	11.41
CMN_F2_Yu__O9	53	3	11.8	9.88
CMN_F2_Yu__P0	86	6	20.94	17.75
CMN_F2_Yu__P1	56	6	15.42	12.47
CMN_F2_Yu__P2	54	3	13.98	11.8
CMN_F2_Yu__P3	81	5	17.83	14.94
CMN_F2_Yu__P8	74	7	17.32	13.7
CMN_F2_Yu__P9	68	5	16.11	13
CMN_F2_Yu__Q0	62	5	14.49	11.46
CMN_F2_Yu__Q1	49	5	12.96	9.97
CMN_F3_Ma__O1	58	4	14.81	11.66
CMN_F3_Ma__O2	65	6	18.67	14.58
CMN_F3_Ma__O3	67	10	17.6	13.59
CMN_F3_Ma__O4	77	9	21.92	16.89
CMN_F3_Ma__O6	54	4	16.07	12.07
CMN_F3_Ma__O8	55	8	16.86	12.3
CMN_F3_Ma__O9	48	5	13.84	10.61
CMN_F3_Ma__P0	91	5	22.85	18.43
CMN_F3_Ma__P1	63	7	19.41	14.2
CMN_F3_Ma__P2	53	8	17.46	12.37
CMN_F3_Ma__P3	77	8	21.18	16.53
CMN_F3_Ma__P8	70	8	18.95	14.19
CMN_F3_Ma__P9	75	6	17.6	14.19
CMN_F3_Ma__Q0	65	5	17.55	13.68
CMN_F3_Ma__Q1	56	5	14.58	11.22
CMN_F4_Fe__O1	53	6	13.24	9.83
CMN_F4_Fe__O2	59	3	14.3	11.23
CMN_F4_Fe__O3	58	6	14.49	11.5
CMN_F4_Fe__O4	77	7	19.6	15.31
CMN_F4_Fe__O6	57	4	14.07	10.75
CMN_F4_Fe__O8	61	7	15.42	11.5
CMN_F4_Fe__O9	46	4	12.54	9.07
CMN_F4_Fe__P0	89	7	20.81	17.54
CMN_F4_Fe__P1	64	5	16.39	12.72
CMN_F4_Fe__P2	61	6	15.14	11.57
CMN_F4_Fe__P3	70	8	18.48	14.36
CMN_F4_Fe__P8	74	11	20.25	15
CMN_F4_Fe__P9	70	7	16.72	13.01
CMN_F4_Fe__Q0	62	7	17.28	13.03
CMN_F4_Fe__Q1	47	5	12.91	9.65
CMN_F6_Xu__O1	53	5	12.68	9.12
CMN_F6_Xu__O2	64	5	14.26	10.25
CMN_F6_Xu__O3	66	7	14.63	10.71
CMN_F6_Xu__O4	78	6	16.86	12.98
CMN_F6_Xu__O6	55	5	12.82	9.47
CMN_F6_Xu__O8	57	7	13.28	9.55
CMN_F6_Xu__O9	49	4	11.52	8.17
CMN_F6_Xu__P0	99	10	21.08	16.12
CMN_F6_Xu__P1	62	7	14.54	10.93
CMN_F6_Xu__P2	54	9	13.98	9.41
CMN_F6_Xu__P3	81	7	17.46	13.4
CMN_F6_Xu__P8	69	12	17.46	12.03
CMN_F6_Xu__P9	69	7	15.51	11.49
CMN_F6_Xu__Q0	59	7	13.75	10.17
CMN_F6_Xu__Q1	55	6	12.4	8.96
CMN_M1_Cha__O1	62	4	13.24	11.38
CMN_M1_Cha__O2	64	4	14.72	13.15
CMN_M1_Cha__O3	71	6	15.56	13.63
CMN_M1_Cha__O4	84	5	18.07	16.18
CMN_M1_Cha__O6	69	4	14.12	12.55
CMN_M1_Cha__O8	69	6	14.95	12.81
CMN_M1_Cha__O9	55	4	12.03	10.55
CMN_M1_Cha__P0	103	5	21.78	19.62
CMN_M1_Cha__P1	68	7	15.51	13.01
CMN_M1_Cha__P2	63	6	14.91	12.49
CMN_M1_Cha__P3	76	6	18.25	15.81
CMN_M1_Cha__P8	74	4	17.93	15.6
CMN_M1_Cha__P9	82	5	16.25	14.68
CMN_M1_Cha__Q0	69	6	15.42	13.45
CMN_M1_Cha__Q1	59	4	12.86	10.7
CMN_M2_Ye__O1	48	5	11.66	8.29
CMN_M2_Ye__O2	61	5	14.86	10.9
CMN_M2_Ye__O3	54	8	14.16	10.14
CMN_M2_Ye__O4	66	5	16.21	13.31
CMN_M2_Ye__O6	54	5	12.91	9.46
CMN_M2_Ye__O8	53	7	13.75	10.11
CMN_M2_Ye__O9	43	4	11.56	8.25
CMN_M2_Ye__P0	86	7	19.13	15.8
CMN_M2_Ye__P1	52	7	13.37	10.03
CMN_M2_Ye__P2	49	7	13.47	9.81
CMN_M2_Ye__P3	66	8	16.25	12.5
CMN_M2_Ye__P8	68	11	17.37	12.29
CMN_M2_Ye__P9	63	8	15.7	11.7
CMN_M2_Ye__Q0	59	8	14.12	10.29
CMN_M2_Ye__Q1	45	5	12.12	8.78
CMN_M4_Yi__O1	51	5	13.93	11.07
CMN_M4_Yi__O2	64	5	17.37	14.42
CMN_M4_Yi__O3	60	7	17	14.08
CMN_M4_Yi__O4	74	7	19.32	16.35
CMN_M4_Yi__O6	59	5	14.3	12.04
CMN_M4_Yi__O8	57	7	16.35	13.18
CMN_M4_Yi__O9	50	4	12.54	10.58
CMN_M4_Yi__P0	92	11	23.96	20.03
CMN_M4_Yi__P1	57	5	16.53	13.4
CMN_M4_Yi__P2	59	6	15.42	12.58
CMN_M4_Yi__P3	67	7	17.83	14.91
CMN_M4_Yi__P8	78	12	20.71	15.85
CMN_M4_Yi__P9	69	9	18.44	14.85
CMN_M4_Yi__Q0	58	9	16.58	13.17
CMN_M4_Yi__Q1	57	6	14.58	10.94
CMN_M5_Qi__O1	47	4	12.86	9.94
CMN_M5_Qi__O2	57	3	13.98	11.75
CMN_M5_Qi__O3	53	2	12.86	10.95
CMN_M5_Qi__O4	78	5	17.18	14.31
CMN_M5_Qi__O6	52	2	11.7	9.96
CMN_M5_Qi__O8	48	3	12.21	10.13
CMN_M5_Qi__O9	46	3	12.17	10.09
CMN_M5_Qi__P0	84	4	18.3	15.46
CMN_M5_Qi__P1	59	4	15.51	12.91
CMN_M5_Qi__P2	50	3	14.44	11.23
CMN_M5_Qi__P3	69	4	16.72	13.68
CMN_M5_Qi__P8	67	4	14.49	12.58
CMN_M5_Qi__P9	68	3	14.77	12.77
CMN_M5_Qi__Q0	57	4	13.75	11.32
CMN_M5_Qi__Q1	46	3	11.52	8.84
CMN_M6_Na__O1	47	3	11.05	9.54
CMN_M6_Na__O2	62	5	12.82	10.49
CMN_M6_Na__O3	64	7	13.89	11.51
CMN_M6_Na__O4	77	5	15.46	13.38
CMN_M6_Na__O6	53	4	11.52	9.77
CMN_M6_Na__O8	58	6	12.03	9.85
CMN_M6_Na__O9	49	4	10.22	8.78
CMN_M6_Na__P0	87	8	19.13	16.12
CMN_M6_Na__P1	58	4	13.47	11.19
CMN_M6_Na__P2	57	6	12.91	10.74
CMN_M6_Na__P3	67	7	16.72	13.61
CMN_M6_Na__P8	70	6	15.09	12.76
CMN_M6_Na__P9	66	6	15.56	11.48
CMN_M6_Na__Q0	56	6	13.05	10.61
CMN_M6_Na__Q1	50	4	11.19	9.06
EUS_F1_Am__O1	75	3	15.7	12.89
EUS_F1_Am__O2	86	4	17.09	13.56
EUS_F1_Am__O3	85	4	18.11	14.24
EUS_F1_Am__O4	95	6	20.02	16.06
EUS_F1_Am__O6	75	3	14.81	11.89
EUS_F1_Am__O8	85	5	18.85	14.78
EUS_F1_Am__O9	45	4	10.4	7.14
EUS_F1_Am__P0	105	8	22.76	18.01
EUS_F1_Am__P1	88	4	17.79	14.05
EUS_F1_Am__P2	78	4	14.68	12.03
EUS_F1_Am__P3	86	5	18.16	13.92
EUS_F1_Am__P8	81	7	19.32	14.66
EUS_F1_Am__P9	83	7	18.2	14.16
EUS_F1_Am__Q0	83	5	17.69	14.16
EUS_F1_Am__Q1	65	5	14.68	10.72
EUS_F2_Ux__O1	81	4	17.51	14.2
EUS_F2_Ux__O2	90	4	17.79	14.91
EUS_F2_Ux__O3	91	6	20.34	16.6
EUS_F2_Ux__O4	101	6	23.17	18.96
EUS_F2_Ux__O6	74	6	18.76	14.87
EUS_F2_Ux__O8	98	6	22.48	18.47
EUS_F2_Ux__O9	49	5	11.75	9.17
EUS_F2_Ux__P0	109	8	24.01	19.63
EUS_F2_Ux__P1	86	5	19.41	16.08
EUS_F2_Ux__P2	87	9	19.37	15.51
EUS_F2_Ux__P3	93	7	20.94	17.27
EUS_F2_Ux__P8	89	6	20.39	17.21
EUS_F2_Ux__P9	91	10	22.38	16.9
EUS_F2_Ux__Q0	92	6	20.48	16.95
EUS_F2_Ux__Q1	75	8	17.14	12.84
EUS_F3_En__O1	90	4	16.63	13.72
EUS_F3_En__O2	92	6	18.02	14.51
EUS_F3_En__O3	90	6	21.04	16.28
EUS_F3_En__O4	105	7	22.2	17.92
EUS_F3_En__O6	81	6	17.41	14.25
EUS_F3_En__O8	92	5	20.15	16.8
EUS_F3_En__O9	51	4	11.1	8.64
EUS_F3_En__P0	110	7	23.41	19.46
EUS_F3_En__P1	94	8	20.02	16.15
EUS_F3_En__P2	86	6	17.09	14
EUS_F3_En__P3	91	4	18.39	15.47
EUS_F3_En__P8	88	6	18.95	15.48
EUS_F3_En__P9	98	7	19.23	15.05
EUS_F3_En__Q0	95	7	20.06	16.24
EUS_F3_En__Q1	68	4	15.28	12.22
EUS_F4_Ux2__O1	83	7	18.48	14.37
EUS_F4_Ux2__O2	90	6	21.46	16.43
EUS_F4_Ux2__O3	96	8	21.18	16.76
EUS_F4_Ux2__O4	103	8	23.96	18.98
EUS_F4_Ux2__O6	81	5	20.06	15.56
EUS_F4_Ux2__O8	117	6	24.85	20.54
EUS_F4_Ux2__O9	52	4	13.42	10.26
EUS_F4_Ux2__P0	119	6	24.1	20.47
EUS_F4_Ux2__P1	100	5	22.34	17.66
EUS_F4_Ux2__P2	88	4	19.46	15.42
EUS_F4_Ux2__P3	95	5	20.76	16.75
EUS_F4_Ux2__P8	100	4	21.5	17.89
EUS_F4_Ux2__P9	94	6	21.27	17.33
EUS_F4_Ux2__Q0	108	4	21.32	18.1
EUS_F4_Ux2__Q1	73	4	15.93	12.87
EUS_F5_Am2__O1	75	3	16.07	12.83
EUS_F5_Am2__O2	91	6	20.25	15.28
EUS_F5_Am2__O3	91	8	21.32	15.56
EUS_F5_Am2__O4	103	7	21.08	16.98
EUS_F5_Am2__O6	75	4	16.63	13.44
EUS_F5_Am2__O8	104	3	20.62	16.68
EUS_F5_Am2__O9	52	5	11.24	8.27
EUS_F5_Am2__P0	107	5	21.41	18.37
EUS_F5_Am2__P1	98	6	19.46	15.25
EUS_F5_Am2__P2	85	2	14.91	12.86
EUS_F5_Am2__P3	89	6	18.81	14.96
EUS_F5_Am2__P8	86	5	18.76	15.31
EUS_F5_Am2__P9	93	5	19.32	15.49
EUS_F5_Am2__Q0	93	4	20.81	16.39
EUS_F5_Am2__Q1	64	5	15.05	11.19
EUS_M1_Bo__O1	73	5	15.09	11.9
EUS_M1_Bo__O2	81	4	16.21	12.97
EUS_M1_Bo__O3	79	3	16.81	13.67
EUS_M1_Bo__O4	102	7	19.18	15.6
EUS_M1_Bo__O6	76	4	14.35	11.76
EUS_M1_Bo__O8	102	5	18.72	14.92
EUS_M1_Bo__O9	43	4	9.98	7.44
EUS_M1_Bo__P0	107	6	21.5	17.66
EUS_M1_Bo__P1	93	4	16.58	13.63
EUS_M1_Bo__P2	85	6	16.21	12.62
EUS_M1_Bo__P3	87	6	17.55	13.76
EUS_M1_Bo__P8	88	4	20.11	16.22
EUS_M1_Bo__P9	85	5	17.88	14.7
EUS_M1_Bo__Q0	95	4	18.99	15.66
EUS_M1_Bo__Q1	66	4	13.84	10.8
EUS_M2_Ai__O1	78	7	20.06	14.52
EUS_M2_Ai__O2	82	6	21.36	15.8
EUS_M2_Ai__O3	74	7	21.97	15.23
EUS_M2_Ai__O4	95	10	24.57	17.92
EUS_M2_Ai__O6	79	7	18.58	13.85
EUS_M2_Ai__O8	87	7	23.41	17.25
EUS_M2_Ai__O9	46	4	11.98	8.49
EUS_M2_Ai__P0	102	14	28.61	19.41
EUS_M2_Ai__P1	81	7	20.53	15.23
EUS_M2_Ai__P2	72	7	18.53	13.39
EUS_M2_Ai__P3	83	8	21.64	15.41
EUS_M2_Ai__P8	76	10	22.71	15.98
EUS_M2_Ai__P9	80	8	23.08	15.67
EUS_M2_Ai__Q0	71	8	21.83	15.58
EUS_M2_Ai__Q1	51	5	16.21	11.4
EUS_M3_An__O1	68	4	15.51	11.47
EUS_M3_An__O2	75	4	15.33	11.98
EUS_M3_An__O3	81	4	17.65	14.21
EUS_M3_An__O4	100	6	19.18	15.19
EUS_M3_An__O6	79	3	15.19	12.05
EUS_M3_An__O8	91	4	19.04	15.48
EUS_M3_An__O9	40	4	10.31	7.31
EUS_M3_An__P0	105	4	21.59	17.51
EUS_M3_An__P1	86	4	17.46	13.7
EUS_M3_An__P2	82	4	15.51	11.81
EUS_M3_An__P3	83	4	17.74	13.83
EUS_M3_An__P8	78	4	18.2	14.74
EUS_M3_An__P9	85	5	17.37	13.75
EUS_M3_An__Q0	80	3	17.6	14.57
EUS_M3_An__Q1	58	4	13.14	10.07
EUS_M4_In__O1	89	7	19.83	14.84
EUS_M4_In__O2	89	6	21.69	15.95
EUS_M4_In__O3	89	7	22.2	16.38
EUS_M4_In__O4	106	7	24.89	19.11
EUS_M4_In__O6	88	4	19.64	15.68
EUS_M4_In__O8	103	7	24.24	18.64
EUS_M4_In__O9	44	4	12.4	8.72
EUS_M4_In__P0	109	7	26.28	20.65
EUS_M4_In__P1	85	5	21.18	16.56
EUS_M4_In__P2	85	6	18.9	14.39
EUS_M4_In__P3	93	8	21.59	16.3
EUS_M4_In__P8	89	7	21.73	16.89
EUS_M4_In__P9	91	6	20.15	16.13
EUS_M4_In__Q0	90	7	20.62	16.59
EUS_M4_In__Q1	73	5	15.33	11.97
EUS_M5_Ax__O1	77	7	18.11	13.76
EUS_M5_Ax__O2	87	8	22.48	16.55
EUS_M5_Ax__O3	92	11	21.97	16.79
EUS_M5_Ax__O4	109	14	30.23	21.53
EUS_M5_Ax__O6	82	7	21.55	16.13
EUS_M5_Ax__O8	109	12	27.63	20.77
EUS_M5_Ax__O9	45	4	12.21	9.62
EUS_M5_Ax__P0	111	12	27.91	21.28
EUS_M5_Ax__P1	101	10	26.56	19.06
EUS_M5_Ax__P2	86	8	21.87	16
EUS_M5_Ax__P3	97	11	26.98	18.12
EUS_M5_Ax__P8	90	10	24.52	18.03
EUS_M5_Ax__P9	89	11	23.36	18.2
EUS_M5_Ax__Q0	100	9	25.82	18.95
EUS_M5_Ax__Q1	66	6	17.41	13.05
FIN_F1_Ul__O1	62	5	18.67	12
FIN_F1_Ul__O2	82	6	21.78	14.92
FIN_F1_Ul__O3	84	7	19.97	14.12
FIN_F1_Ul__O4	95	9	24.43	17.28
FIN_F1_Ul__O6	60	6	18.62	11.82
FIN_F1_Ul__O8	90	9	22.62	15.05
FIN_F1_Ul__O9	50	4	15.33	9.47
FIN_F1_Ul__P0	85	8	21.46	15.62
FIN_F1_Ul__P1	82	6	21.59	14.62
FIN_F1_Ul__P2	74	5	19.04	12.92
FIN_F1_Ul__P3	92	9	23.73	15.37
FIN_F1_Ul__P8	73	5	19.6	13.75
FIN_F1_Ul__P9	85	6	23.13	15.54
FIN_F1_Ul__Q0	79	6	22.06	15.59
FIN_F1_Ul__Q1	58	5	17.18	10.71
FIN_F2_Re__O1	62	4	15.7	11.79
FIN_F2_Re__O2	72	4	19.13	13.39
FIN_F2_Re__O3	83	5	19.46	14.22
FIN_F2_Re__O4	95	5	21.59	16.58
FIN_F2_Re__O6	59	4	16.16	11.72
FIN_F2_Re__O8	75	5	19.5	14.36
FIN_F2_Re__O9	46	4	13.51	9.47
FIN_F2_Re__P0	82	8	20.9	14.85
FIN_F2_Re__P1	89	7	19.74	14.98
FIN_F2_Re__P2	79	5	18.58	14.02
FIN_F2_Re__P3	89	7	21.59	15.77
FIN_F2_Re__P8	77	7	19.41	13.41
FIN_F2_Re__P9	79	6	20.29	14.6
FIN_F2_Re__Q0	73	4	19.32	14.94
FIN_F2_Re__Q1	55	5	14.91	10.33
FIN_F3_Ki__O1	72	4	17.79	13.14
FIN_F3_Ki__O2	81	4	19.13	14.11
FIN_F3_Ki__O3	92	6	21.08	15.61
FIN_F3_Ki__O4	95	6	22.48	16.92
FIN_F3_Ki__O6	71	4	17.55	12.05
FIN_F3_Ki__O8	82	5	19.81	15.12
FIN_F3_Ki__O9	57	4	15.37	10.2
FIN_F3_Ki__P0	84	4	20.67	15.3
FIN_F3_Ki__P1	92	7	22.66	16.49
FIN_F3_Ki__P2	82	6	20.71	15.27
FIN_F3_Ki__P3	101	6	23.5	17.01
FIN_F3_Ki__P8	86	6	18.3	13.22
FIN_F3_Ki__P9	87	6	21.41	15.65
FIN_F3_Ki__Q0	83	3	19.04	14.99
FIN_F3_Ki__Q1	65	5	17	11.92
FIN_F4_Pri__O1	73	4	16.67	12.09
FIN_F4_Pri__O2	91	5	19.88	15.11
FIN_F4_Pri__O3	86	4	20.39	15.71
FIN_F4_Pri__O4	102	5	22.48	17.45
FIN_F4_Pri__O6	70	4	16.49	12.47
FIN_F4_Pri__O8	90	4	19.88	15.27
FIN_F4_Pri__O9	57	4	14.72	9.97
FIN_F4_Pri__P0	91	4	20.57	16.11
FIN_F4_Pri__P1	88	4	20.71	16.02
FIN_F4_Pri__P2	91	4	19.97	15.24
FIN_F4_Pri__P3	91	6	21.32	16.55
FIN_F4_Pri__P8	81	4	18.67	14.36
FIN_F4_Pri__P9	83	5	20.43	15.3
FIN_F4_Pri__Q0	86	3	20.57	16.21
FIN_F4_Pri__Q1	64	4	15.93	11.3
FIN_F5_Ma__O1	59	4	17.37	11.84
FIN_F5_Ma__O2	68	4	19.41	11.76
FIN_F5_Ma__O3	79	6	18.95	14.44
FIN_F5_Ma__O4	83	6	22.24	16.72
FIN_F5_Ma__O6	62	4	16.67	11.85
FIN_F5_Ma__O8	74	5	20.57	14.83
FIN_F5_Ma__O9	43	4	15	10.11
FIN_F5_Ma__P0	81	4	20.25	15.41
FIN_F5_Ma__P1	76	5	20.06	14.7
FIN_F5_Ma__P2	83	6	19.46	14.29
FIN_F5_Ma__P3	87	6	21.18	15.62
FIN_F5_Ma__P8	74	5	18.99	13.49
FIN_F5_Ma__P9	76	5	20.43	15.05
FIN_F5_Ma__Q0	71	5	20.48	15.13
FIN_F5_Ma__Q1	59	4	15.84	11.34
FIN_M1_Ee__O1	57	4	18.72	12.27
FIN_M1_Ee__O2	79	5	20.29	14.16
FIN_M1_Ee__O3	77	5	21.5	14.66
FIN_M1_Ee__O4	74	5	23.08	17.12
FIN_M1_Ee__O6	68	4	19.09	13.19
FIN_M1_Ee__O8	70	5	21.41	14.67
FIN_M1_Ee__O9	49	4	15.88	10.51
FIN_M1_Ee__P0	74	4	21.22	15.61
FIN_M1_Ee__P1	74	4	21.92	15.5
FIN_M1_Ee__P2	61	4	18.95	13.91
FIN_M1_Ee__P3	83	6	23.73	17.21
FIN_M1_Ee__P8	64	4	21.18	14.39
FIN_M1_Ee__P9	66	5	22.2	15.68
FIN_M1_Ee__Q0	63	4	21.13	15.52
FIN_M1_Ee__Q1	55	4	18.11	11.65
FIN_M2_He__O1	61	4	16.11	11.57
FIN_M2_He__O2	74	5	19.32	14.53
FIN_M2_He__O3	71	6	19.83	14.69
FIN_M2_He__O4	84	5	22.48	17.44
FIN_M2_He__O6	63	4	15.69	12.17
FIN_M2_He__O8	77	6	20.71	15.11
FIN_M2_He__O9	55	4	15	10.04
FIN_M2_He__P0	87	8	21.83	16
FIN_M2_He__P1	82	4	21.46	16.12
FIN_M2_He__P2	75	4	19.74	14.87
FIN_M2_He__P3	87	5	21.04	15.9
FIN_M2_He__P8	74	5	18.81	13.69
FIN_M2_He__P9	72	5	20.48	15.16
FIN_M2_He__Q0	68	5	20.15	15
FIN_M2_He__Q1	53	4	15.84	11
FIN_M3_Mi__O1	67	4	17.51	11.96
FIN_M3_Mi__O2	85	4	18.67	14.11
FIN_M3_Mi__O3	87	4	23.17	16.19
FIN_M3_Mi__O4	91	5	24.66	17.46
FIN_M3_Mi__O6	62	4	17.74	11.99
FIN_M3_Mi__O8	79	4	21.83	15.19
FIN_M3_Mi__O9	57	4	15.14	10.12
FIN_M3_Mi__P0	95	5	23.22	16.96
FIN_M3_Mi__P1	97	5	21.87	17.1
FIN_M3_Mi__P2	76	6	21.22	14.72
FIN_M3_Mi__P3	93	5	21.73	16.34
FIN_M3_Mi__P8	80	4	19.78	14.32
FIN_M3_Mi__P9	74	6	20.9	15.28
FIN_M3_Mi__Q0	83	3	21.5	16.35
FIN_M3_Mi__Q1	58	4	16.25	11.48
FIN_M4_Ma__O1	84	5	21.78	14.32
FIN_M4_Ma__O2	102	5	25.63	18.48
FIN_M4_Ma__O3	99	6	26.52	19.08
FIN_M4_Ma__O4	110	6	28.1	21.4
FIN_M4_Ma__O6	73	6	20.71	15.23
FIN_M4_Ma__O8	102	6	25.68	18.74
FIN_M4_Ma__O9	68	4	19.74	13.27
FIN_M4_Ma__P0	98	7	26.66	19.75
FIN_M4_Ma__P1	108	10	28.61	20.45
FIN_M4_Ma__P2	91	7	25.77	18.73
FIN_M4_Ma__P3	110	9	25.73	19.05
FIN_M4_Ma__P8	92	7	24.85	17.48
FIN_M4_Ma__P9	96	9	26.89	19.52
FIN_M4_Ma__Q0	99	7	26.1	19.27
FIN_M4_Ma__Q1	70	4	19.88	14.22
FIN_M5_Mt__O1	74	4	16.72	11.82
FIN_M5_Mt__O2	82	5	20.34	14.77
FIN_M5_Mt__O3	83	8	20.71	14.35
FIN_M5_Mt__O4	101	6	24.29	17.81
FIN_M5_Mt__O6	72	5	18.3	12.73
FIN_M5_Mt__O8	84	6	21.41	15.13
FIN_M5_Mt__O9	50	4	15.14	9.78
FIN_M5_Mt__P0	86	5	22.8	15.65
FIN_M5_Mt__P1	85	6	21.78	15.45
FIN_M5_Mt__P2	85	7	20.9	15.1
FIN_M5_Mt__P3	96	7	22.85	16.15
FIN_M5_Mt__P8	80	5	19.18	13.89
FIN_M5_Mt__P9	73	8	21.08	15.16
FIN_M5_Mt__Q0	80	6	20.71	15.32
FIN_M5_Mt__Q1	67	5	16.72	11.96
FRA_F1_Je__O1	69	4	16.67	12.93
FRA_F1_Je__O2	92	4	19.69	15.41
FRA_F1_Je__O3	77	3	18.48	14.92
FRA_F1_Je__O4	82	6	19.46	15.56
FRA_F1_Je__O6	66	4	16.67	12.65
FRA_F1_Je__O8	81	4	19.09	14.57
FRA_F1_Je__O9	54	3	13.75	9.52
FRA_F1_Je__P0	89	4	21.55	16.57
FRA_F1_Je__P1	84	4	20.53	16.01
FRA_F1_Je__P2	70	4	17	12.97
FRA_F1_Je__P3	93	5	21.08	16.85
FRA_F1_Je__P8	76	3	19.04	15.75
FRA_F1_Je__P9	77	5	19.23	15.66
FRA_F1_Je__Q0	79	4	18.99	14.87
FRA_F1_Je__Q1	56	4	14.49	11.05
FRA_F2_Be__O1	80	4	17.97	13.24
FRA_F2_Be__O2	87	4	21.22	14.65
FRA_F2_Be__O3	82	3	19.32	13.95
FRA_F2_Be__O4	87	3	19.83	15.25
FRA_F2_Be__O6	66	4	18.2	12.53
FRA_F2_Be__O8	79	4	20.2	13.5
FRA_F2_Be__O9	61	5	14.72	9.61
FRA_F2_Be__P0	86	5	23.08	16.35
FRA_F2_Be__P1	94	4	21.97	16.87
FRA_F2_Be__P2	74	5	19.46	13.04
FRA_F2_Be__P3	102	7	24.47	16.99
FRA_F2_Be__P8	77	8	21.5	14.33
FRA_F2_Be__P9	74	9	21.18	14.82
FRA_F2_Be__Q0	89	7	21.46	15.65
FRA_F2_Be__Q1	59	4	15.84	11.18
FRA_F3_Ma__O1	70	2	15.51	11.67
FRA_F3_Ma__O2	87	4	18.76	14.35
FRA_F3_Ma__O3	79	2	16.76	13.25
FRA_F3_Ma__O4	85	2	18.02	14.29
FRA_F3_Ma__O6	55	3	15.09	10.85
FRA_F3_Ma__O8	76	3	17.51	13.35
FRA_F3_Ma__O9	57	2	13.47	9.67
FRA_F3_Ma__P0	79	5	19.74	14.74
FRA_F3_Ma__P1	85	2	18.72	14.61
FRA_F3_Ma__P2	76	3	16.63	12.42
FRA_F3_Ma__P3	95	5	20.2	15.59
FRA_F3_Ma__P8	80	4	17.69	13.41
FRA_F3_Ma__P9	78	3	18.07	13.99
FRA_F3_Ma__Q0	90	4	18.02	13.65
FRA_F3_Ma__Q1	59	1	13.47	10.23
FRA_F4_Lu__O1	69	4	16.39	12.51
FRA_F4_Lu__O2	87	5	20.15	15.19
FRA_F4_Lu__O3	79	4	17.88	13.5
FRA_F4_Lu__O4	88	4	18.25	14.09
FRA_F4_Lu__O6	74	4	17.04	12.73
FRA_F4_Lu__O8	85	5	18.25	14.24
FRA_F4_Lu__O9	62	4	13.65	9.87
FRA_F4_Lu__P0	88	5	20.39	15.99
FRA_F4_Lu__P1	93	5	21.18	16.19
FRA_F4_Lu__P2	78	3	17	13.21
FRA_F4_Lu__P3	102	4	20.81	16.78
FRA_F4_Lu__P8	78	4	17.74	13.51
FRA_F4_Lu__P9	84	4	18.72	14.64
FRA_F4_Lu__Q0	81	4	18.34	14.35
FRA_F4_Lu__Q1	59	3	14.35	10.76
FRA_F5_Na__O1	72	3	16.95	13.27
FRA_F5_Na__O2	94	4	20.99	16.23
FRA_F5_Na__O3	86	4	19.74	15.27
FRA_F5_Na__O4	89	5	21.87	17
FRA_F5_Na__O6	67	4	17.88	13.05
FRA_F5_Na__O8	82	5	19.83	14.97
FRA_F5_Na__O9	63	5	15.88	10.97
FRA_F5_Na__P0	88	4	22.48	17.89
FRA_F5_Na__P1	88	5	22.52	17.76
FRA_F5_Na__P2	78	4	18.34	13.79
FRA_F5_Na__P3	100	4	24.2	19.67
FRA_F5_Na__P8	83	4	19.92	15.01
FRA_F5_Na__P9	80	4	20.94	16.33
FRA_F5_Na__Q0	75	3	20.39	15.71
FRA_F5_Na__Q1	64	5	16.44	11.73
FRA_M1_Se__O1	67	3	15.19	11.05
FRA_M1_Se__O2	85	4	18.25	13.16
FRA_M1_Se__O3	79	4	17.09	12.78
FRA_M1_Se__O4	77	5	17.41	12.67
FRA_M1_Se__O6	65	4	16.39	11.46
FRA_M1_Se__O8	71	5	18.58	12.55
FRA_M1_Se__O9	57	3	14.16	9.32
FRA_M1_Se__P0	79	4	18.2	13.46
FRA_M1_Se__P1	82	4	19.5	13.81
FRA_M1_Se__P2	67	4	17.23	12.37
FRA_M1_Se__P3	83	6	19.83	14.54
FRA_M1_Se__P8	66	4	16.25	11.45
FRA_M1_Se__P9	76	7	18.76	13.29
FRA_M1_Se__Q0	73	5	16.49	11.95
FRA_M1_Se__Q1	52	4	13.75	9.18
FRA_M2_Ar__O1	60	4	15.51	11.86
FRA_M2_Ar__O2	85	5	19.09	14.84
FRA_M2_Ar__O3	79	4	18.44	14.07
FRA_M2_Ar__O4	75	5	18.44	13.64
FRA_M2_Ar__O6	65	3	16.11	12.25
FRA_M2_Ar__O8	77	3	17.93	14.05
FRA_M2_Ar__O9	57	2	13.75	10.22
FRA_M2_Ar__P0	88	7	21.08	16.96
FRA_M2_Ar__P1	87	4	20.11	15.98
FRA_M2_Ar__P2	70	4	17.18	12.51
FRA_M2_Ar__P3	95	5	19.41	15.91
FRA_M2_Ar__P8	78	3	17.14	12.99
FRA_M2_Ar__P9	77	5	17.55	13.21
FRA_M2_Ar__Q0	80	5	18.9	14.08
FRA_M2_Ar__Q1	58	1	13.1	10.3
FRA_M3_Pi__O1	64	4	16.95	12.06
FRA_M3_Pi__O2	84	5	20.39	15.34
FRA_M3_Pi__O3	72	5	19.41	14.23
FRA_M3_Pi__O4	76	4	19.88	15.32
FRA_M3_Pi__O6	60	5	17.28	11.5
FRA_M3_Pi__O8	65	5	17.93	12.59
FRA_M3_Pi__O9	54	3	14.68	10.07
FRA_M3_Pi__P0	78	5	20.48	15.25
FRA_M3_Pi__P1	74	4	20.62	14.58
FRA_M3_Pi__P2	68	5	16.95	12.02
FRA_M3_Pi__P3	97	4	21.78	17.46
FRA_M3_Pi__P8	68	5	17.97	12.61
FRA_M3_Pi__P9	60	8	20.11	13.93
FRA_M3_Pi__Q0	73	5	20.43	15.32
FRA_M3_Pi__Q1	55	3	14.54	10.29
FRA_M4_No__O1	57	4	15.05	10.6
FRA_M4_No__O2	61	4	16.9	11.99
FRA_M4_No__O3	73	5	17.04	11.85
FRA_M4_No__O4	71	4	17.41	13.06
FRA_M4_No__O6	53	4	14.68	9.92
FRA_M4_No__O8	64	4	15.37	10.97
FRA_M4_No__O9	48	4	12.68	7.9
FRA_M4_No__P0	74	4	18.9	13.73
FRA_M4_No__P1	79	4	19.37	13.76
FRA_M4_No__P2	61	4	16.58	10.77
FRA_M4_No__P3	79	5	19.32	14.12
FRA_M4_No__P8	62	3	15.98	11.27
FRA_M4_No__P9	71	4	18.25	13.19
FRA_M4_No__Q0	61	4	16.53	12.1
FRA_M4_No__Q1	52	3	13.84	9.39
FRA_M5_Chr__O1	68	4	16.39	11.2
FRA_M5_Chr__O2	79	5	18.62	13.62
FRA_M5_Chr__O3	77	5	17.83	12.63
FRA_M5_Chr__O4	80	5	19.32	13.92
FRA_M5_Chr__O6	63	5	16.63	11.11
FRA_M5_Chr__O8	73	7	17.93	11.77
FRA_M5_Chr__O9	56	4	12.59	8.3
FRA_M5_Chr__P0	83	6	19.6	14.33
FRA_M5_Chr__P1	87	4	20.2	14.12
FRA_M5_Chr__P2	73	5	17.69	11.94
FRA_M5_Chr__P3	91	7	21.46	15.14
FRA_M5_Chr__P8	69	5	18.16	12.65
FRA_M5_Chr__P9	75	8	18.67	13.37
FRA_M5_Chr__Q0	69	6	18.9	12.59
FRA_M5_Chr__Q1	53	4	14.21	9.35
HUN_F1_An__O1	77	4	22.99	17.01
HUN_F1_An__O2	105	7	29.21	23.12
HUN_F1_An__O3	100	5	25.36	20.55
HUN_F1_An__O4	118	7	32.09	25.61
HUN_F1_An__O6	73	4	20.02	15.58
HUN_F1_An__O8	96	6	26.7	20.13
HUN_F1_An__O9	73	4	20.06	14.9
HUN_F1_An__P0	116	5	31.58	24.72
HUN_F1_An__P1	111	4	29.91	22.9
HUN_F1_An__P2	93	5	24.8	19.78
HUN_F1_An__P3	107	5	30.93	23.26
HUN_F1_An__P8	86	6	26.28	19.6
HUN_F1_An__P9	104	5	30.28	22.63
HUN_F1_An__Q0	99	7	29.86	21.28
HUN_F1_An__Q1	87	5	26.05	20.15
HUN_F2_Ga__O1	70	4	19.27	14.73
HUN_F2_Ga__O2	97	6	24.33	18.97
HUN_F2_Ga__O3	90	4	23.22	18.33
HUN_F2_Ga__O4	106	6	27.07	20.91
HUN_F2_Ga__O6	61	4	17.09	12.79
HUN_F2_Ga__O8	83	6	23.36	17.5
HUN_F2_Ga__O9	64	4	17.79	12.76
HUN_F2_Ga__P0	102	7	27.68	20.97
HUN_F2_Ga__P1	96	5	25.82	19.67
HUN_F2_Ga__P2	90	6	22.38	17.52
HUN_F2_Ga__P3	95	5	25.26	19.62
HUN_F2_Ga__P8	84	5	22.89	16.97
HUN_F2_Ga__P9	96	6	25.12	19.38
HUN_F2_Ga__Q0	85	4	22.94	18.07
HUN_F2_Ga__Q1	85	4	21.55	16.56
HUN_F3_Il__O1	95	5	23.73	18.59
HUN_F3_Il__O2	118	6	28.42	23.51
HUN_F3_Il__O3	108	5	28.24	22.32
HUN_F3_Il__O4	149	8	34.09	27.6
HUN_F3_Il__O6	80	4	21.22	16.14
HUN_F3_Il__O8	109	5	28.14	22.01
HUN_F3_Il__O9	90	4	21.32	16.71
HUN_F3_Il__P0	129	6	33.16	28.01
HUN_F3_Il__P1	117	4	30.7	25.68
HUN_F3_Il__P2	101	4	21.65	18.32
HUN_F3_Il__P3	120	7	30.09	25.32
HUN_F3_Il__P8	95	5	25.77	20.91
HUN_F3_Il__P9	114	6	29.54	24.71
HUN_F3_Il__Q0	100	4	24.38	20.91
HUN_F3_Il__Q1	102	4	24.33	19.96
HUN_F4_As__O1	74	5	20.39	15.32
HUN_F4_As__O2	99	5	23.5	19.2
HUN_F4_As__O3	86	5	23.59	17.86
HUN_F4_As__O4	106	7	27.72	21.64
HUN_F4_As__O6	62	4	17.74	12.79
HUN_F4_As__O8	83	7	23.17	17.01
HUN_F4_As__O9	66	4	18.72	13.06
HUN_F4_As__P0	97	7	28.61	21.53
HUN_F4_As__P1	100	6	26.28	19.8
HUN_F4_As__P2	88	6	23.59	17.54
HUN_F4_As__P3	91	8	27.68	19.78
HUN_F4_As__P8	83	5	23.59	17.3
HUN_F4_As__P9	99	7	26.52	19.55
HUN_F4_As__Q0	84	7	24.75	17.93
HUN_F4_As__Q1	82	4	21.78	16.66
HUN_F5_Ju__O1	62	3	15.7	12.45
HUN_F5_Ju__O2	88	4	19.27	16.26
HUN_F5_Ju__O3	85	4	20.06	15.28
HUN_F5_Ju__O4	93	3	21.13	18.28
HUN_F5_Ju__O6	60	4	15.79	11.14
HUN_F5_Ju__O8	83	4	17.14	14.6
HUN_F5_Ju__O9	64	4	14.02	11.12
HUN_F5_Ju__P0	100	4	22.8	18.41
HUN_F5_Ju__P1	96	4	19.92	16.73
HUN_F5_Ju__P2	82	3	17.37	14.57
HUN_F5_Ju__P3	104	4	19.78	17.15
HUN_F5_Ju__P8	85	4	18.34	15.11
HUN_F5_Ju__P9	99	5	20.34	16.78
HUN_F5_Ju__Q0	89	3	18.3	15.36
HUN_F5_Ju__Q1	78	4	16.63	14.38
HUN_M1_Ar__O1	77	7	20.48	15.5
HUN_M1_Ar__O2	106	7	26.01	20.39
HUN_M1_Ar__O3	92	6	24.85	18.92
HUN_M1_Ar__O4	109	8	27.91	22.21
HUN_M1_Ar__O6	68	5	18.62	13.6
HUN_M1_Ar__O8	91	8	26.52	18.95
HUN_M1_Ar__O9	75	4	18.81	14.75
HUN_M1_Ar__P0	111	7	30.56	23.16
HUN_M1_Ar__P1	105	6	27.4	21.77
HUN_M1_Ar__P2	98	6	26.19	19.18
HUN_M1_Ar__P3	103	7	28.84	21.91
HUN_M1_Ar__P8	88	6	25.31	18.8
HUN_M1_Ar__P9	102	6	28	20.83
HUN_M1_Ar__Q0	92	7	25.91	20.16
HUN_M1_Ar__Q1	87	4	23.82	18.26
HUN_M2_Ma__O1	74	4	19.6	13.21
HUN_M2_Ma__O2	94	5	23.41	17.31
HUN_M2_Ma__O3	89	5	23.41	17.75
HUN_M2_Ma__O4	103	6	25.08	19.43
HUN_M2_Ma__O6	71	4	16.9	12.27
HUN_M2_Ma__O8	85	7	22.2	15.95
HUN_M2_Ma__O9	66	4	17.46	12.61
HUN_M2_Ma__P0	99	5	23.41	19.38
HUN_M2_Ma__P1	104	4	23.22	17.98
HUN_M2_Ma__P2	86	4	20.06	15.94
HUN_M2_Ma__P3	99	5	23.22	17.92
HUN_M2_Ma__P8	84	4	20.34	15.43
HUN_M2_Ma__P9	103	4	21.18	17.26
HUN_M2_Ma__Q0	86	4	21.18	16.2
HUN_M2_Ma__Q1	80	4	20.62	14.88
HUN_M3_Er__O1	73	4	18.15	13.9
HUN_M3_Er__O2	88	5	22.53	16.83
HUN_M3_Er__O3	85	4	20.49	15.99
HUN_M3_Er__O4	108	5	22.53	18.69
HUN_M3_Er__O6	65	4	15.51	10.97
HUN_M3_Er__O8	90	4	21.05	15.54
HUN_M3_Er__O9	69	4	15.92	11.15
HUN_M3_Er__P0	106	4	23.42	18.35
HUN_M3_Er__P1	92	4	22.65	17.3
HUN_M3_Er__P2	89	4	20.33	15.43
HUN_M3_Er__P3	105	4	22.18	17.25
HUN_M3_Er__P8	89	4	18.78	14.86
HUN_M3_Er__P9	98	4	22.81	17.59
HUN_M3_Er__Q0	90	4	21.38	15.8
HUN_M3_Er__Q1	86	4	19.22	14.73
HUN_M4_Ga__O1	79	6	20.94	14.82
HUN_M4_Ga__O2	108	7	24.47	18.58
HUN_M4_Ga__O3	101	6	23.31	17.55
HUN_M4_Ga__O4	115	10	26.8	20.12
HUN_M4_Ga__O6	66	4	16.67	12.29
HUN_M4_Ga__O8	95	11	24.06	17.12
HUN_M4_Ga__O9	74	6	17.74	12.74
HUN_M4_Ga__P0	116	9	26.52	20.04
HUN_M4_Ga__P1	112	8	25.17	19.06
HUN_M4_Ga__P2	96	6	20.99	15.86
HUN_M4_Ga__P3	104	9	25.5	18.45
HUN_M4_Ga__P8	92	6	22.62	16.32
HUN_M4_Ga__P9	108	6	23.82	17.91
HUN_M4_Ga__Q0	97	9	22.34	16.74
HUN_M4_Ga__Q1	90	6	20.39	15.41
HUN_M5_Mi__O1	83	4	17.93	14.83
HUN_M5_Mi__O2	104	6	22.43	18.65
HUN_M5_Mi__O3	96	5	22.62	18.56
HUN_M5_Mi__O4	108	8	25.12	20.44
HUN_M5_Mi__O6	64	4	15.84	11.92
HUN_M5_Mi__O8	91	8	21.13	16.45
HUN_M5_Mi__O9	74	4	16.58	12.87
HUN_M5_Mi__P0	107	8	25.36	20.46
HUN_M5_Mi__P1	101	8	24.2	19.06
HUN_M5_Mi__P2	96	7	22.34	17.24
HUN_M5_Mi__P3	99	8	23.03	18.11
HUN_M5_Mi__P8	87	6	20.85	16.58
HUN_M5_Mi__P9	108	10	25.36	19.54
HUN_M5_Mi__Q0	91	9	22.2	17.16
HUN_M5_Mi__Q1	90	4	20.94	16.99
JPN_F1_Ma__O1	75	7	22.24	15.86
JPN_F1_Ma__O2	100	7	28.89	22.34
JPN_F1_Ma__O3	94	7	27.26	21.28
JPN_F1_Ma__O4	93	6	27.31	21.1
JPN_F1_Ma__O6	84	5	24.43	17.61
JPN_F1_Ma__O8	102	8	28	21.06
JPN_F1_Ma__O9	48	4	15.98	10.69
JPN_F1_Ma__P0	105	10	28	20.93
JPN_F1_Ma__P1	82	8	23.41	17.43
JPN_F1_Ma__P2	92	7	26.01	19.67
JPN_F1_Ma__P3	90	8	26.28	19.45
JPN_F1_Ma__P8	74	3	23.08	15.64
JPN_F1_Ma__P9	99	8	25.08	18.46
JPN_F1_Ma__Q0	81	6	25.4	19.21
JPN_F1_Ma__Q1	76	7	22.38	16.17
JPN_F2_Hi__O1	73	4	20.15	14.8
JPN_F2_Hi__O2	99	6	27.03	20.64
JPN_F2_Hi__O3	100	8	25.73	19.42
JPN_F2_Hi__O4	103	7	25.5	20
JPN_F2_Hi__O6	85	5	22.52	16.44
JPN_F2_Hi__O8	102	5	25.59	19.88
JPN_F2_Hi__O9	55	3	15.46	10.68
JPN_F2_Hi__P0	104	5	25.87	19.77
JPN_F2_Hi__P1	79	5	21.73	16.43
JPN_F2_Hi__P2	87	5	23.68	18.56
JPN_F2_Hi__P3	93	6	23.96	18.34
JPN_F2_Hi__P8	79	2	18.9	15.29
JPN_F2_Hi__P9	97	5	22.78	17.42
JPN_F2_Hi__Q0	84	4	24.01	18.54
JPN_F2_Hi__Q1	70	4	20.71	15.64
JPN_F3_Ju__O1	75	7	22.62	14.81
JPN_F3_Ju__O2	110	7	26.66	19.91
JPN_F3_Ju__O3	114	10	27.45	20.43
JPN_F3_Ju__O4	106	7	27.31	20.33
JPN_F3_Ju__O6	87	7	23.68	16.41
JPN_F3_Ju__O8	107	7	26.75	19.45
JPN_F3_Ju__O9	51	4	16.11	10.22
JPN_F3_Ju__P0	112	10	28.33	20.67
JPN_F3_Ju__P1	80	8	23.22	16.43
JPN_F3_Ju__P2	94	10	25.59	18.06
JPN_F3_Ju__P3	104	7	26.47	19.13
JPN_F3_Ju__P8	79	8	23.17	14.92
JPN_F3_Ju__P9	96	9	26.01	17.9
JPN_F3_Ju__Q0	90	7	25.17	17.92
JPN_F3_Ju__Q1	75	7	23.13	16.23
JPN_F4_Ay__O1	88	9	25.87	15.99
JPN_F4_Ay__O2	116	11	31.86	22.34
JPN_F4_Ay__O3	115	13	30.56	21.89
JPN_F4_Ay__O4	119	11	30.79	21.61
JPN_F4_Ay__O6	103	10	27.12	18.68
JPN_F4_Ay__O8	120	9	29.91	20.49
JPN_F4_Ay__O9	65	5	17.65	11.59
JPN_F4_Ay__P0	119	15	34.69	22.39
JPN_F4_Ay__P1	94	9	26.89	17.82
JPN_F4_Ay__P2	105	12	30.7	20.78
JPN_F4_Ay__P3	103	10	31.63	20.01
JPN_F4_Ay__P8	82	8	25.03	16.38
JPN_F4_Ay__P9	114	14	30.93	19
JPN_F4_Ay__Q0	99	12	30.37	19.91
JPN_F4_Ay__Q1	83	9	27.03	17.1
JPN_F5_Mi__O1	73	5	21.64	15.43
JPN_F5_Mi__O2	111	5	26.84	20.43
JPN_F5_Mi__O3	102	9	26.28	19.71
JPN_F5_Mi__O4	105	5	25.96	19.96
JPN_F5_Mi__O6	85	4	22.38	16.61
JPN_F5_Mi__O8	111	6	26.42	20.04
JPN_F5_Mi__O9	55	4	15.33	10.3
JPN_F5_Mi__P0	109	6	27.91	20.67
JPN_F5_Mi__P1	89	7	23.17	16.75
JPN_F5_Mi__P2	99	4	23.82	18.64
JPN_F5_Mi__P3	99	8	26.75	20.12
JPN_F5_Mi__P8	77	5	20.48	14.94
JPN_F5_Mi__P9	96	5	24.24	17.97
JPN_F5_Mi__Q0	83	5	24.47	18.21
JPN_F5_Mi__Q1	76	6	22.15	15.95
JPN_M1_Ni__O1	55	5	20.06	13.03
JPN_M1_Ni__O2	91	8	27.07	19.36
JPN_M1_Ni__O3	75	5	23.08	17.58
JPN_M1_Ni__O4	82	7	24.66	17.41
JPN_M1_Ni__O6	82	5	21.41	15.54
JPN_M1_Ni__O8	87	4	22.34	17.35
JPN_M1_Ni__O9	48	4	14.72	8.97
JPN_M1_Ni__P0	84	6	24.29	18.14
JPN_M1_Ni__P1	79	4	19.09	14.33
JPN_M1_Ni__P2	81	4	22.94	16.47
JPN_M1_Ni__P3	75	6	23.03	16.45
JPN_M1_Ni__P8	60	2	16.95	12.91
JPN_M1_Ni__P9	75	5	21.69	15.65
JPN_M1_Ni__Q0	77	6	22.11	16.42
JPN_M1_Ni__Q1	71	6	20.02	14.63
JPN_M2_Shi__O1	79	9	24.43	15.16
JPN_M2_Shi__O2	94	12	29.35	18.46
JPN_M2_Shi__O3	90	16	30.98	18.91
JPN_M2_Shi__O4	98	13	29.54	18.77
JPN_M2_Shi__O6	86	14	25.73	16.34
JPN_M2_Shi__O8	105	12	29.16	18.85
JPN_M2_Shi__O9	54	7	17.55	9.61
JPN_M2_Shi__P0	106	19	33.44	20.26
JPN_M2_Shi__P1	83	11	25.5	15.62
JPN_M2_Shi__P2	95	16	26.98	16.96
JPN_M2_Shi__P3	86	12	30.33	17.49
JPN_M2_Shi__P8	78	11	21.64	13.41
JPN_M2_Shi__P9	101	12	27.96	16.75
JPN_M2_Shi__Q0	97	14	29.86	18.01
JPN_M2_Shi__Q1	70	10	22.24	14.46
JPN_M3_Ke__O1	69	5	21.08	13.83
JPN_M3_Ke__O2	95	5	28.37	20.88
JPN_M3_Ke__O3	97	10	28.65	20.34
JPN_M3_Ke__O4	90	8	26.1	18.82
JPN_M3_Ke__O6	80	4	23.41	15.48
JPN_M3_Ke__O8	98	6	27.03	18.86
JPN_M3_Ke__O9	49	3	15.51	9.72
JPN_M3_Ke__P0	95	6	26.84	19.06
JPN_M3_Ke__P1	80	5	22.71	16.22
JPN_M3_Ke__P2	84	5	25.12	18.16
JPN_M3_Ke__P3	87	8	26.47	17.6
JPN_M3_Ke__P8	68	2	19.69	14.19
JPN_M3_Ke__P9	94	6	23.59	16.11
JPN_M3_Ke__Q0	76	4	23.5	16.95
JPN_M3_Ke__Q1	70	4	20.57	14.2
JPN_M4_Da__O1	77	5	20.67	14.83
JPN_M4_Da__O2	98	5	25.73	20.05
JPN_M4_Da__O3	92	6	25.12	19.32
JPN_M4_Da__O4	101	5	26.15	19.53
JPN_M4_Da__O6	89	4	22.85	16.16
JPN_M4_Da__O8	103	7	26.75	19.09
JPN_M4_Da__O9	49	3	13.64	9.82
JPN_M4_Da__P0	104	5	25.22	18.22
JPN_M4_Da__P1	88	5	22.66	16.76
JPN_M4_Da__P2	92	5	24.29	18.46
JPN_M4_Da__P3	90	8	27.07	17.51
JPN_M4_Da__P8	75	6	20.67	14.45
JPN_M4_Da__P9	102	4	23.22	16.94
JPN_M4_Da__Q0	88	5	22.7	17.12
JPN_M4_Da__Q1	75	6	23.27	15.34
JPN_M5_Yo__O1	73	6	19.74	13.45
JPN_M5_Yo__O2	97	7	28.05	20.16
JPN_M5_Yo__O3	96	8	25.79	19.61
JPN_M5_Yo__O4	93	6	25.63	18.73
JPN_M5_Yo__O6	80	4	22.94	16
JPN_M5_Yo__O8	95	7	24.94	18.53
JPN_M5_Yo__O9	49	4	15.84	10.17
JPN_M5_Yo__P0	98	9	27.21	19.83
JPN_M5_Yo__P1	81	10	23.96	15.89
JPN_M5_Yo__P2	84	7	23.82	17.46
JPN_M5_Yo__P3	88	7	25.54	17.8
JPN_M5_Yo__P8	71	7	19.82	14.04
JPN_M5_Yo__P9	88	8	23.73	16.32
JPN_M5_Yo__Q0	76	7	23.82	17.09
JPN_M5_Yo__Q1	71	7	22.76	15.67
KOR_F1_My__O1	68	4	14.91	11.6
KOR_F1_My__O2	83	4	18.58	14.91
KOR_F1_My__O3	92	3	20.34	16.46
KOR_F1_My__O4	106	3	22.2	18.65
KOR_F1_My__O6	83	5	18.44	14.19
KOR_F1_My__O8	109	5	22.34	18.36
KOR_F1_My__O9	66	2	15.7	12.86
KOR_F1_My__P0	109	4	23.36	19.56
KOR_F1_My__P1	93	3	21.18	17.22
KOR_F1_My__P2	110	4	20.81	17.2
KOR_F1_My__P3	100	3	20.11	16.73
KOR_F1_My__P8	94	3	19.55	15.68
KOR_F1_My__P9	103	5	21.46	17.26
KOR_F1_My__Q0	93	4	19.09	14.88
KOR_F1_My__Q1	87	3	18.44	15.24
KOR_F2_Ji__O1	60	3	16.02	12.12
KOR_F2_Ji__O2	72	3	18.95	14.65
KOR_F2_Ji__O3	89	4	20.81	16.71
KOR_F2_Ji__O4	100	6	23.68	18.96
KOR_F2_Ji__O6	79	3	19.04	15.34
KOR_F2_Ji__O8	97	5	22.06	17.8
KOR_F2_Ji__O9	60	3	16.25	12.58
KOR_F2_Ji__P0	100	4	23.03	18.66
KOR_F2_Ji__P1	84	5	21.64	17.25
KOR_F2_Ji__P2	97	3	21.55	17.51
KOR_F2_Ji__P3	89	4	21.5	17.06
KOR_F2_Ji__P8	83	3	19.69	15.97
KOR_F2_Ji__P9	97	6	23.27	18.39
KOR_F2_Ji__Q0	83	4	20.67	16.25
KOR_F2_Ji__Q1	79	3	19.64	15.76
KOR_F3_Eu__O1	59	2	14.77	11.55
KOR_F3_Eu__O2	74	2	16.21	13.09
KOR_F3_Eu__O3	82	3	20.2	16.22
KOR_F3_Eu__O4	98	3	22.52	18.77
KOR_F3_Eu__O6	75	3	17.6	14
KOR_F3_Eu__O8	86	2	19.6	16.03
KOR_F3_Eu__O9	61	2	15.19	11.99
KOR_F3_Eu__P0	101	3	22.06	18.25
KOR_F3_Eu__P1	87	4	20.62	16.86
KOR_F3_Eu__P2	91	3	22.06	17.78
KOR_F3_Eu__P3	101	6	23.73	19.49
KOR_F3_Eu__P8	82	2	18.34	14.96
KOR_F3_Eu__P9	94	4	21.87	17.62
KOR_F3_Eu__Q0	89	5	20.2	15.73
KOR_F3_Eu__Q1	82	3	19.78	16.41
KOR_F4_Hy__O1	68	4	16.81	14.02
KOR_F4_Hy__O2	84	7	20.43	16.48
KOR_F4_Hy__O3	93	7	23.92	19.78
KOR_F4_Hy__O4	107	7	26.05	21.7
KOR_F4_Hy__O6	90	5	20.67	17.11
KOR_F4_Hy__O8	116	7	25.31	21.01
KOR_F4_Hy__O9	68	5	17.46	14.26
KOR_F4_Hy__P0	114	8	26.61	21.74
KOR_F4_Hy__P1	102	5	23.92	19.8
KOR_F4_Hy__P2	101	6	24.24	20.24
KOR_F4_Hy__P3	104	8	24.61	20.01
KOR_F4_Hy__P8	97	6	21.78	17.96
KOR_F4_Hy__P9	106	8	27.03	21.74
KOR_F4_Hy__Q0	93	7	23.45	19.02
KOR_F4_Hy__Q1	96	6	24.98	20.18
KOR_F6_Jw__O1	62	4	14.81	11.57
KOR_F6_Jw__O2	82	4	17.55	14.58
KOR_F6_Jw__O3	87	6	19.83	16.12
KOR_F6_Jw__O4	96	6	22.89	19.14
KOR_F6_Jw__O6	76	4	17.18	14.27
KOR_F6_Jw__O8	102	6	20.9	17.13
KOR_F6_Jw__O9	71	4	15.42	12.49
KOR_F6_Jw__P0	108	6	21.92	18.03
KOR_F6_Jw__P1	88	4	20.2	16.76
KOR_F6_Jw__P2	101	4	19.5	16.51
KOR_F6_Jw__P3	100	6	20.06	16.37
KOR_F6_Jw__P8	87	4	18.48	15.14
KOR_F6_Jw__P9	102	5	20.43	16.98
KOR_F6_Jw__Q0	98	4	17.79	14.86
KOR_F6_Jw__Q1	81	4	18.76	15.09
KOR_M1_Sa__O1	57	4	14.91	11.87
KOR_M1_Sa__O2	75	5	18.3	14.5
KOR_M1_Sa__O3	78	5	19.97	16.27
KOR_M1_Sa__O4	84	8	22.85	18.02
KOR_M1_Sa__O6	75	4	18.11	14.95
KOR_M1_Sa__O8	103	7	23.55	18.75
KOR_M1_Sa__O9	62	5	16.02	12.66
KOR_M1_Sa__P0	98	10	24.52	18.98
KOR_M1_Sa__P1	82	5	20.76	16.96
KOR_M1_Sa__P2	90	7	21.78	17.4
KOR_M1_Sa__P3	89	5	21.13	17.09
KOR_M1_Sa__P8	84	7	20.15	15.7
KOR_M1_Sa__P9	89	7	22.15	17.39
KOR_M1_Sa__Q0	77	6	20.02	15
KOR_M1_Sa__Q1	76	7	20.2	15.9
KOR_M2_Do__O1	76	3	15.23	13.26
KOR_M2_Do__O2	97	6	20.48	17.52
KOR_M2_Do__O3	98	4	21.27	18.66
KOR_M2_Do__O4	110	7	25.22	21.61
KOR_M2_Do__O6	89	4	20.39	17.83
KOR_M2_Do__O8	114	7	25.12	22.07
KOR_M2_Do__O9	74	4	16.21	13.99
KOR_M2_Do__P0	112	6	25.59	22.18
KOR_M2_Do__P1	105	5	23.31	20.39
KOR_M2_Do__P2	114	5	23.36	20.6
KOR_M2_Do__P3	107	5	23.22	20.51
KOR_M2_Do__P8	105	4	22.01	18.84
KOR_M2_Do__P9	111	5	23.5	20.28
KOR_M2_Do__Q0	97	5	20.99	18.15
KOR_M2_Do__Q1	91	5	20.81	17.88
KOR_M3_Sh__O1	50	4	12.54	9.06
KOR_M3_Sh__O2	64	4	15.74	12.07
KOR_M3_Sh__O3	75	4	17.23	13.72
KOR_M3_Sh__O4	84	7	19.92	15.77
KOR_M3_Sh__O6	72	5	15.79	12.2
KOR_M3_Sh__O8	83	6	18.67	14.89
KOR_M3_Sh__O9	50	4	13.1	9.61
KOR_M3_Sh__P0	81	6	22.11	17.08
KOR_M3_Sh__P1	78	5	17.46	13.63
KOR_M3_Sh__P2	83	4	17.55	13.88
KOR_M3_Sh__P3	76	6	18.11	14
KOR_M3_Sh__P8	72	4	17.32	13.47
KOR_M3_Sh__P9	82	4	18.72	14.92
KOR_M3_Sh__Q0	75	5	16.25	12.69
KOR_M3_Sh__Q1	69	4	15.56	12.12
KOR_M4_Ju__O1	69	4	15.33	11.78
KOR_M4_Ju__O2	84	5	18.48	13.33
KOR_M4_Ju__O3	80	4	17.97	14.26
KOR_M4_Ju__O4	103	8	24.1	19.29
KOR_M4_Ju__O6	84	5	18.85	14.87
KOR_M4_Ju__O8	107	8	23.64	18.4
KOR_M4_Ju__O9	59	6	15.42	11.91
KOR_M4_Ju__P0	107	8	24.15	19.49
KOR_M4_Ju__P1	99	8	22.11	17.11
KOR_M4_Ju__P2	95	6	20.57	16.69
KOR_M4_Ju__P3	96	8	22.52	17.73
KOR_M4_Ju__P8	89	8	20.2	15.5
KOR_M4_Ju__P9	97	6	21.32	17.06
KOR_M4_Ju__Q0	81	6	19.41	15.19
KOR_M4_Ju__Q1	78	7	18.48	14.25
KOR_M5_Jh__O1	66	4	15.74	12.22
KOR_M5_Jh__O2	79	5	21.13	15.81
KOR_M5_Jh__O3	84	7	24.24	18.57
KOR_M5_Jh__O4	106	7	26.61	21.4
KOR_M5_Jh__O6	80	4	20.48	15.72
KOR_M5_Jh__O8	106	7	26.47	20.3
KOR_M5_Jh__O9	57	6	18.62	13.26
KOR_M5_Jh__P0	102	7	25.59	19.87
KOR_M5_Jh__P1	88	5	23.41	18.17
KOR_M5_Jh__P2	100	7	26.8	20.47
KOR_M5_Jh__P3	91	8	24.8	19.1
KOR_M5_Jh__P8	90	5	22.57	17.27
KOR_M5_Jh__P9	97	4	23.78	18.96
KOR_M5_Jh__Q0	93	6	22.24	17.27
KOR_M5_Jh__Q1	90	4	22.24	17.55
SPA_F1_Am__O1	60	4	14.68	11.4
SPA_F1_Am__O2	93	4	20.85	17.51
SPA_F1_Am__O3	88	4	18.07	14.89
SPA_F1_Am__O4	114	5	23.27	19.35
SPA_F1_Am__O6	72	4	15.65	12.68
SPA_F1_Am__O8	101	5	20.25	16.85
SPA_F1_Am__O9	52	3	12.68	9.29
SPA_F1_Am__P0	117	8	26.33	20.99
SPA_F1_Am__P1	105	4	21.64	18.17
SPA_F1_Am__P2	80	4	17.51	14.14
SPA_F1_Am__P3	87	5	19.74	16.22
SPA_F1_Am__P8	73	4	15.09	11.54
SPA_F1_Am__P9	91	7	19.97	15.26
SPA_F1_Am__Q0	79	5	17.28	14.03
SPA_F1_Am__Q1	59	5	13.7	10.08
SPA_F1_Su__O1	74	6	14.81	11.73
SPA_F1_Su__O2	104	5	20.71	17.5
SPA_F1_Su__O3	94	6	18.81	14.71
SPA_F1_Su__O4	115	7	23.5	19.41
SPA_F1_Su__O6	70	3	15.7	12.92
SPA_F1_Su__O8	102	4	20.62	17.12
SPA_F1_Su__O9	59	3	11.7	9.5
SPA_F1_Su__P0	117	7	25.77	20.97
SPA_F1_Su__P1	113	4	20.94	17.72
SPA_F1_Su__P2	86	5	18.11	14.51
SPA_F1_Su__P3	82	7	20.34	14.86
SPA_F1_Su__P8	75	5	17.37	12.8
SPA_F1_Su__P9	96	9	20.76	16.01
SPA_F1_Su__Q0	92	6	20.43	15.81
SPA_F1_Su__Q1	64	5	14.49	10.65
SPA_F2_De__O1	66	3	13.65	11.39
SPA_F2_De__O2	96	4	19.32	16.52
SPA_F2_De__O3	88	3	16.53	13.96
SPA_F2_De__O4	103	4	21.87	18.75
SPA_F2_De__O6	68	2	14.21	12.18
SPA_F2_De__O8	91	4	20.2	16.9
SPA_F2_De__O9	61	1	11.33	9.68
SPA_F2_De__P0	121	6	24.71	20.91
SPA_F2_De__P1	101	3	20.02	17.12
SPA_F2_De__P2	84	2	16.49	14.12
SPA_F2_De__P3	87	4	17.74	14.58
SPA_F2_De__P8	72	4	16.49	12.02
SPA_F2_De__P9	86	5	18.3	15.52
SPA_F2_De__Q0	88	4	19.63	15.73
SPA_F2_De__Q1	63	4	13.14	10.54
SPA_F3_En__O1	73	4	15.88	13.03
SPA_F3_En__O2	107	6	21.83	18.59
SPA_F3_En__O3	91	5	18.3	15.74
SPA_F3_En__O4	120	8	25.63	21.07
SPA_F3_En__O6	83	4	15.23	12.88
SPA_F3_En__O8	108	6	21.64	18.01
SPA_F3_En__O9	65	4	12.96	10.29
SPA_F3_En__P0	125	7	25.26	21.41
SPA_F3_En__P1	111	5	22.62	19.44
SPA_F3_En__P2	92	6	18.99	15.5
SPA_F3_En__P3	92	6	20.34	16.48
SPA_F3_En__P8	78	5	15.98	13.06
SPA_F3_En__P9	96	8	21.41	17.18
SPA_F3_En__Q0	93	8	20.43	16.44
SPA_F3_En__Q1	64	4	14.02	11.17
SPA_F3_Mo__O1	79	5	16.25	13
SPA_F3_Mo__O2	115	6	21.78	18.38
SPA_F3_Mo__O3	90	5	19.5	15.77
SPA_F3_Mo__O4	116	6	24.01	20.4
SPA_F3_Mo__O6	76	3	15.6	12.84
SPA_F3_Mo__O8	113	4	20.9	17.81
SPA_F3_Mo__O9	66	3	12.82	10.41
SPA_F3_Mo__P0	128	5	25.36	22.12
SPA_F3_Mo__P1	121	4	22.2	19.49
SPA_F3_Mo__P2	96	4	19.23	16.4
SPA_F3_Mo__P3	93	5	19.33	15.87
SPA_F3_Mo__P8	76	4	14.77	12.08
SPA_F3_Mo__P9	103	8	21.78	17.75
SPA_F3_Mo__Q0	94	8	19.88	16.14
SPA_F3_Mo__Q1	69	4	14.49	11.85
SPA_M1_Bo__O1	73	3	15.56	12.4
SPA_M1_Bo__O2	108	5	19.27	15.75
SPA_M1_Bo__O3	87	5	18.76	14.33
SPA_M1_Bo__O4	121	5	22.43	18.96
SPA_M1_Bo__O6	75	4	14.54	11.8
SPA_M1_Bo__O8	102	5	19.6	16.49
SPA_M1_Bo__O9	64	4	12.59	9.49
SPA_M1_Bo__P0	126	7	24.24	19.95
SPA_M1_Bo__P1	116	4	20.85	17.64
SPA_M1_Bo__P2	88	4	17.88	14.23
SPA_M1_Bo__P3	101	5	18.2	15.06
SPA_M1_Bo__P8	78	4	15	12.18
SPA_M1_Bo__P9	90	5	19.04	15.59
SPA_M1_Bo__Q0	93	4	18.72	15.23
SPA_M1_Bo__Q1	61	4	12.59	9.73
SPA_M4_In__O1	75	6	16.44	11.85
SPA_M4_In__O2	100	7	22.34	17.24
SPA_M4_In__O3	91	7	20.02	15.49
SPA_M4_In__O4	119	10	25.96	19.8
SPA_M4_In__O6	79	6	18.02	13.08
SPA_M4_In__O8	105	5	21.5	17.62
SPA_M4_In__O9	64	4	13.37	10.48
SPA_M4_In__P0	130	10	28.89	22.13
SPA_M4_In__P1	120	4	22.85	18.8
SPA_M4_In__P2	93	4	18.76	15.69
SPA_M4_In__P3	99	9	21.22	16.42
SPA_M4_In__P8	76	4	16.39	13.04
SPA_M4_In__P9	98	8	21.04	16.59
SPA_M4_In__Q0	97	5	20.99	16.17
SPA_M4_In__Q1	66	5	15.23	11.01
SPA_M4_Ma__O1	80	7	18.99	12.72
SPA_M4_Ma__O2	107	8	22.62	16.58
SPA_M4_Ma__O3	90	9	19.97	14.08
SPA_M4_Ma__O4	113	10	24.98	18.58
SPA_M4_Ma__O6	67	7	17.55	11.88
SPA_M4_Ma__O8	103	7	20.81	15.58
SPA_M4_Ma__O9	66	6	14.72	10.1
SPA_M4_Ma__P0	124	11	28.93	20.82
SPA_M4_Ma__P1	108	6	22.71	17.66
SPA_M4_Ma__P2	90	7	20.85	15.01
SPA_M4_Ma__P3	96	9	21.69	15.3
SPA_M4_Ma__P8	80	8	17.79	12.68
SPA_M4_Ma__P9	89	9	21.04	15.2
SPA_M4_Ma__Q0	89	9	21.64	15.22
SPA_M4_Ma__Q1	64	5	15.7	10.93
SPA_M5_Ax__O1	66	4	16.3	12.92
SPA_M5_Ax__O2	96	6	21.73	17.51
SPA_M5_Ax__O3	84	9	21.41	15.49
SPA_M5_Ax__O4	109	7	22.94	19.65
SPA_M5_Ax__O6	72	6	17.65	13.17
SPA_M5_Ax__O8	97	5	21.64	17.41
SPA_M5_Ax__O9	55	5	14.02	10.29
SPA_M5_Ax__P0	114	10	25.73	20.97
SPA_M5_Ax__P1	98	5	22.62	18.1
SPA_M5_Ax__P2	85	5	19.46	15.39
SPA_M5_Ax__P3	86	7	19.92	16.17
SPA_M5_Ax__P8	72	5	17.23	13.39
SPA_M5_Ax__P9	79	9	21.32	16.34
SPA_M5_Ax__Q0	87	5	21.36	17.09
SPA_M5_Ax__Q1	63	7	16.39	11.78
SPA_M5_Jo__O1	53	2	13.19	10.67
SPA_M5_Jo__O2	84	6	20.62	16.92
SPA_M5_Jo__O3	69	3	18.02	14.1
SPA_M5_Jo__O4	83	5	20.76	16.96
SPA_M5_Jo__O6	59	2	15.37	12.44
SPA_M5_Jo__O8	90	3	19.74	16.56
SPA_M5_Jo__O9	55	3	12.68	9.89
SPA_M5_Jo__P0	90	4	24.38	20.58
SPA_M5_Jo__P1	97	4	22.2	18.23
SPA_M5_Jo__P2	72	3	19.09	15.57
SPA_M5_Jo__P3	71	7	20.94	16.21
SPA_M5_Jo__P8	50	7	15.65	11.44
SPA_M5_Jo__P9	71	7	21.69	16.34
SPA_M5_Jo__Q0	64	7	20.48	15.32
SPA_M5_Jo__Q1	55	5	15.56	11.47
SRP_F1_Li__O1	69	2	14.35	11.68
SRP_F1_Li__O2	71	3	16.81	14.02
SRP_F1_Li__O3	83	2	19.23	16.85
SRP_F1_Li__O4	95	3	20.94	17.57
SRP_F1_Li__O6	70	3	15.28	13.34
SRP_F1_Li__O8	80	2	16.16	14
SRP_F1_Li__O9	55	2	13.47	10.65
SRP_F1_Li__P0	99	4	22.85	19.73
SRP_F1_Li__P1	77	4	20.34	16.42
SRP_F1_Li__P2	74	3	16.53	13.34
SRP_F1_Li__P3	103	4	22.11	18.69
SRP_F1_Li__P8	78	3	17.97	15.08
SRP_F1_Li__P9	93	4	20.62	16.88
SRP_F1_Li__Q0	67	3	17.32	14.55
SRP_F1_Li__Q1	65	2	14.07	12.03
SRP_F2_Le__O1	70	4	16.39	13.02
SRP_F2_Le__O2	75	3	17.41	14.88
SRP_F2_Le__O3	95	3	20.71	18.07
SRP_F2_Le__O4	96	3	21.97	19.48
SRP_F2_Le__O6	77	3	17.97	15.07
SRP_F2_Le__O8	82	4	18.99	15.71
SRP_F2_Le__O9	58	3	13.93	11.74
SRP_F2_Le__P0	107	3	24.06	20.98
SRP_F2_Le__P1	93	2	21.55	18.04
SRP_F2_Le__P2	73	3	16.67	14.2
SRP_F2_Le__P3	102	3	22.66	19.46
SRP_F2_Le__P8	81	3	19.78	16.78
SRP_F2_Le__P9	92	3	20.85	17.8
SRP_F2_Le__Q0	84	3	18.95	15.81
SRP_F2_Le__Q1	81	3	17.93	14.65
SRP_F3_Je__O1	66	0	12.45	10.8
SRP_F3_Je__O2	73	1	13.28	11.74
SRP_F3_Je__O3	89	1	18.99	17.07
SRP_F3_Je__O4	88	1	17.28	15.31
SRP_F3_Je__O6	70	1	14.16	12.65
SRP_F3_Je__O8	90	0	14.81	13.67
SRP_F3_Je__O9	57	1	11.94	10.17
SRP_F3_Je__P0	99	1	18.3	15.94
SRP_F3_Je__P1	84	0	16.21	14.23
SRP_F3_Je__P2	67	0	12.96	11.19
SRP_F3_Je__P3	104	1	17.79	15.57
SRP_F3_Je__P8	75	1	15.14	13.54
SRP_F3_Je__P9	97	1	17	15.03
SRP_F3_Je__Q0	77	0	19.6	13.61
SRP_F3_Je__Q1	75	0	12.72	11.67
SRP_F4_So__O1	61	2	15.37	12.08
SRP_F4_So__O2	75	4	17.74	13.77
SRP_F4_So__O3	86	4	21.22	16.62
SRP_F4_So__O4	99	3	21.36	18.01
SRP_F4_So__O6	81	4	19.04	14.12
SRP_F4_So__O8	82	2	18.72	15
SRP_F4_So__O9	58	3	14.63	10.41
SRP_F4_So__P0	104	4	22.34	18.13
SRP_F4_So__P1	83	4	20.71	16.12
SRP_F4_So__P2	71	2	16.44	12.81
SRP_F4_So__P3	100	4	22.71	18.41
SRP_F4_So__P8	87	4	19.13	15.1
SRP_F4_So__P9	88	4	20.29	16.11
SRP_F4_So__Q0	77	3	18.34	14.71
SRP_F4_So__Q1	78	4	17.41	12.93
SRP_F5_Ol__O1	78	5	18.11	14.23
SRP_F5_Ol__O2	83	6	20.25	16.97
SRP_F5_Ol__O3	99	6	24.75	20.15
SRP_F5_Ol__O4	106	7	26.94	21.96
SRP_F5_Ol__O6	77	6	22.34	17.32
SRP_F5_Ol__O8	85	5	21.64	17.69
SRP_F5_Ol__O9	67	4	17.09	12.96
SRP_F5_Ol__P0	128	7	29.16	24.94
SRP_F5_Ol__P1	100	5	26.24	21.17
SRP_F5_Ol__P2	79	5	20.62	15.87
SRP_F5_Ol__P3	110	6	27.17	22.17
SRP_F5_Ol__P8	89	6	22.99	18.3
SRP_F5_Ol__P9	105	8	26.28	20.68
SRP_F5_Ol__Q0	78	6	22.71	17.69
SRP_F5_Ol__Q1	82	5	20.53	16.37
SRP_M1_Go__O1	59	4	13.89	11.28
SRP_M1_Go__O2	60	7	15.98	12.59
SRP_M1_Go__O3	77	6	20.15	16.07
SRP_M1_Go__O4	79	6	20.76	16.78
SRP_M1_Go__O6	56	6	16.44	12.34
SRP_M1_Go__O8	70	6	16.86	13.46
SRP_M1_Go__O9	50	5	13.51	10.51
SRP_M1_Go__P0	83	5	21.46	17.73
SRP_M1_Go__P1	78	5	19.78	15.78
SRP_M1_Go__P2	59	5	16.25	13.05
SRP_M1_Go__P3	85	6	21.13	17.42
SRP_M1_Go__P8	73	7	18.02	14.28
SRP_M1_Go__P9	86	9	21.46	16.44
SRP_M1_Go__Q0	63	3	16.81	14.05
SRP_M1_Go__Q1	67	4	15.93	12.47
SRP_M2_Iv__O1	67	3	14.12	11.61
SRP_M2_Iv__O2	72	3	19.04	13.66
SRP_M2_Iv__O3	88	6	20.53	16.55
SRP_M2_Iv__O4	99	4	22.34	18.63
SRP_M2_Iv__O6	69	4	16.16	13.49
SRP_M2_Iv__O8	88	4	18.16	15.25
SRP_M2_Iv__O9	57	4	13.28	10.58
SRP_M2_Iv__P0	100	4	22.48	19.43
SRP_M2_Iv__P1	88	4	20.53	16.45
SRP_M2_Iv__P2	71	4	16.3	13.34
SRP_M2_Iv__P3	107	5	22.11	18.49
SRP_M2_Iv__P8	81	4	18.81	15.7
SRP_M2_Iv__P9	87	6	19.78	16
SRP_M2_Iv__Q0	64	3	18.2	12.86
SRP_M2_Iv__Q1	78	2	15.74	13.51
SRP_M3_Pe__O1	64	4	15.65	11.92
SRP_M3_Pe__O2	70	4	17.83	13.95
SRP_M3_Pe__O3	79	5	19.5	15.52
SRP_M3_Pe__O4	91	5	21.92	17.9
SRP_M3_Pe__O6	69	7	18.76	13.67
SRP_M3_Pe__O8	73	7	19.13	14.07
SRP_M3_Pe__O9	59	6	15.7	11.1
SRP_M3_Pe__P0	99	7	25.91	20.37
SRP_M3_Pe__P1	84	4	20.9	16.62
SRP_M3_Pe__P2	72	6	18.11	13.67
SRP_M3_Pe__P3	100	5	23.82	17.65
SRP_M3_Pe__P8	75	7	19.83	15.27
SRP_M3_Pe__P9	89	7	22.76	17.58
SRP_M3_Pe__Q0	67	7	18.85	14.74
SRP_M3_Pe__Q1	75	6	16.95	13.23
SRP_M4_Vo__O1	67	3	12.86	10.54
SRP_M4_Vo__O2	67	5	15.79	11.97
SRP_M4_Vo__O3	91	4	18.3	15.49
SRP_M4_Vo__O4	84	4	19.83	16.68
SRP_M4_Vo__O6	64	3	14.4	11.79
SRP_M4_Vo__O8	77	3	15.74	13.24
SRP_M4_Vo__O9	56	1	10.91	9.32
SRP_M4_Vo__P0	97	4	19.97	16.64
SRP_M4_Vo__P1	79	4	16.9	14.01
SRP_M4_Vo__P2	67	3	13.84	11.56
SRP_M4_Vo__P3	93	4	18.07	15.55
SRP_M4_Vo__P8	75	4	16.25	13.45
SRP_M4_Vo__P9	88	3	17.51	14.84
SRP_M4_Vo__Q0	65	1	14.63	12.1
SRP_M4_Vo__Q1	63	2	14.12	11.41
SRP_M5_Ste__O1	66	4	14.86	12.08
SRP_M5_Ste__O2	76	3	18.2	14.98
SRP_M5_Ste__O3	91	4	20.9	17.89
SRP_M5_Ste__O4	94	5	22.43	19.4
SRP_M5_Ste__O6	69	3	16.81	14.1
SRP_M5_Ste__O8	81	7	19.23	15.52
SRP_M5_Ste__O9	55	3	13.79	11.08
SRP_M5_Ste__P0	97	9	26.1	20
SRP_M5_Ste__P1	92	4	21.41	17.72
SRP_M5_Ste__P2	68	5	16.35	13.42
SRP_M5_Ste__P3	97	6	22.62	18.88
SRP_M5_Ste__P8	82	6	19.88	16.32
SRP_M5_Ste__P9	87	4	22.2	17.57
SRP_M5_Ste__Q0	77	3	17.65	15.08
SRP_M5_Ste__Q1	72	5	16.72	13.53
THA_F1_Ja__O1_thai	78	4	17	14.71
THA_F1_Ja__O2_thai	77	5	19.88	15.31
THA_F1_Ja__O3_thai	92	7	22.94	18.82
THA_F1_Ja__O4_thai	130	9	30.6	26.18
THA_F1_Ja__O6_thai	85	6	20.94	17.6
THA_F1_Ja__O8_thai	114	6	26.19	22.45
THA_F1_Ja__O9_thai	60	5	16.44	13.42
THA_F1_Ja__P0_thai	114	8	27.07	23.62
THA_F1_Ja__P1_thai	94	5	23.5	21.04
THA_F1_Ja__P2_thai	86	7	21.32	18.43
THA_F1_Ja__P3_thai	105	10	27.45	23.4
THA_F1_Ja__P8_thai	89	8	23.08	19.16
THA_F1_Ja__P9_thai	94	7	22.38	18.9
THA_F1_Ja__Q0_thai	76	6	20.2	16.73
THA_F1_Ja__Q1_thai	67	5	18.81	15.55
THA_F2_Si__O1	70	3	15.23	12.65
THA_F2_Si__O2	90	5	19.55	15.55
THA_F2_Si__O3	104	7	22.85	18.22
THA_F2_Si__O4	102	6	23.31	19.28
THA_F2_Si__O6	87	5	18.95	15.64
THA_F2_Si__O8	102	7	23.59	19.46
THA_F2_Si__O9	64	5	16.11	12.27
THA_F2_Si__P0	119	6	26.33	21.65
THA_F2_Si__P1	111	5	22.94	19.3
THA_F2_Si__P2	80	5	20.06	16.27
THA_F2_Si__P3	105	7	24.24	18.98
THA_F2_Si__P8	87	5	20.99	17.27
THA_F2_Si__P9	82	4	19.74	16.33
THA_F2_Si__Q0	78	3	17.79	14.67
THA_F2_Si__Q1	59	4	14.21	11.27
THA_F3_Fa__O1_thai	74	6	17.88	15.17
THA_F3_Fa__O2_thai	81	5	19.23	15.67
THA_F3_Fa__O3_thai	103	7	22.89	19.15
THA_F3_Fa__O4_thai	119	9	28.42	24.19
THA_F3_Fa__O6_thai	91	6	21.59	18.1
THA_F3_Fa__O8_thai	108	9	24.8	21.23
THA_F3_Fa__O9_thai	63	5	16.53	13.13
THA_F3_Fa__P0_thai	117	7	27.72	24.03
THA_F3_Fa__P1_thai	117	6	25.73	21.93
THA_F3_Fa__P2_thai	80	5	20.94	17.79
THA_F3_Fa__P3_thai	108	7	25.17	21.15
THA_F3_Fa__P8_thai	99	9	22.2	17.87
THA_F3_Fa__P9_thai	95	9	22.66	18.54
THA_F3_Fa__Q0_thai	83	6	19.32	15.72
THA_F3_Fa__Q1_thai	57	5	15.19	12.47
THA_F5_Ki__O1	71	6	19.09	14.35
THA_F5_Ki__O2	77	4	19.97	16.04
THA_F5_Ki__O3	92	9	23.59	18.27
THA_F5_Ki__O4	107	6	25.73	19.97
THA_F5_Ki__O6	84	5	20.25	16.26
THA_F5_Ki__O8	96	6	24.61	18.67
THA_F5_Ki__O9	72	4	17.65	13.59
THA_F5_Ki__P0	118	11	31.21	24.4
THA_F5_Ki__P1	99	7	26.38	21.06
THA_F5_Ki__P2	88	5	21.83	17.45
THA_F5_Ki__P3	104	7	26.05	20.84
THA_F5_Ki__P8	87	7	23.08	17.98
THA_F5_Ki__P9	86	10	27.77	18.83
THA_F5_Ki__Q0	69	6	19.23	15
THA_F5_Ki__Q1	60	4	16.44	12.6
THA_F7_Pi__O1	77	7	23.82	17.83
THA_F7_Pi__O2	78	6	24.61	16.82
THA_F7_Pi__O3	94	9	27.54	20.5
THA_F7_Pi__O4	99	7	62.09	23.46
THA_F7_Pi__O6	81	7	26.47	17.67
THA_F7_Pi__O8	97	8	32.42	22.84
THA_F7_Pi__O9	63	6	21.55	13.96
THA_F7_Pi__P0	102	6	31.49	23.94
THA_F7_Pi__P1	96	5	56.61	21.49
THA_F7_Pi__P2	80	9	26.38	18
THA_F7_Pi__P3	102	9	31.39	22.69
THA_F7_Pi__P8	90	6	27.59	19.83
THA_F7_Pi__P9	79	7	25.26	18.24
THA_F7_Pi__Q0	74	7	24.33	17.19
THA_F7_Pi__Q1	65	4	21.41	14.28
THA_M1_Pa__O1	65	4	15.79	12.51
THA_M1_Pa__O2	79	4	17.93	13.78
THA_M1_Pa__O3	91	6	23.78	18
THA_M1_Pa__O4	107	7	24.71	19.58
THA_M1_Pa__O6	78	7	21.13	15.57
THA_M1_Pa__O8	102	7	22.66	18.66
THA_M1_Pa__O9	56	4	13	10.25
THA_M1_Pa__P0	95	4	21.92	18.17
THA_M1_Pa__P1	100	5	22.89	19.72
THA_M1_Pa__P2	90	4	18.85	15.71
THA_M1_Pa__P3	105	10	23.68	18.56
THA_M1_Pa__P8	87	7	20.06	16.59
THA_M1_Pa__P9	84	5	20.53	15.54
THA_M1_Pa__Q0	80	8	18.44	14.39
THA_M1_Pa__Q1	57	3	14.77	11.33
THA_M2_Ra__O1	65	6	18.07	12.56
THA_M2_Ra__O2	80	5	21.64	15.19
THA_M2_Ra__O3	87	8	26.19	18.29
THA_M2_Ra__O4	106	12	33.44	21.28
THA_M2_Ra__O6	77	6	23.03	15.96
THA_M2_Ra__O8	97	7	26.56	18.59
THA_M2_Ra__O9	58	3	16.07	11.83
THA_M2_Ra__P0	101	8	27.03	20.59
THA_M2_Ra__P1	99	8	27.12	19.84
THA_M2_Ra__P2	82	7	23.73	17.54
THA_M2_Ra__P3	88	8	25.73	18.27
THA_M2_Ra__P8	85	6	23.45	17.24
THA_M2_Ra__P9	76	12	24.61	16.91
THA_M2_Ra__Q0	75	6	20.62	14.28
THA_M2_Ra__Q1	62	7	18.53	12.29
THA_M3_Shi__O1	63	3	14.58	12.71
THA_M3_Shi__O2	71	6	17.83	14.57
THA_M3_Shi__O3	82	5	20.62	17.3
THA_M3_Shi__O4	103	5	22.38	20.42
THA_M3_Shi__O6	74	3	16.44	15.04
THA_M3_Shi__O8	90	2	18.11	16.57
THA_M3_Shi__O9	54	4	14.02	11.08
THA_M3_Shi__P0	103	6	22.62	19.87
THA_M3_Shi__P1	87	7	21.36	18.23
THA_M3_Shi__P2	80	7	19.6	16.86
THA_M3_Shi__P3	85	4	19.13	17.33
THA_M3_Shi__P8	77	6	18.25	15.78
THA_M3_Shi__P9	77	7	17.28	14.7
THA_M3_Shi__Q0	66	3	15.51	14.16
THA_M3_Shi__Q1	53	4	13.84	11.21
THA_M4_Su__O1	65	5	15.14	12.11
THA_M4_Su__O2	80	8	19.69	14.07
THA_M4_Su__O3	90	8	21.69	17.4
THA_M4_Su__O4	110	9	23.68	18.81
THA_M4_Su__O6	81	5	18.76	15.7
THA_M4_Su__O8	100	7	20.99	17.06
THA_M4_Su__O9	60	5	15.05	11.79
THA_M4_Su__P0	101	9	24.71	20.98
THA_M4_Su__P1	93	11	24.66	19.12
THA_M4_Su__P2	87	9	20.43	16.62
THA_M4_Su__P3	88	8	21.18	17.07
THA_M4_Su__P8	71	4	18.02	15.43
THA_M4_Su__P9	72	8	19.41	15.44
THA_M4_Su__Q0	70	6	16.02	13.13
THA_M4_Su__Q1	59	4	12.72	10.86
THA_M5_Ik__O1	67	4	22.48	16.57
THA_M5_Ik__O2	74	6	23.41	17.06
THA_M5_Ik__O3	91	7	27.49	21.2
THA_M5_Ik__O4	107	8	33.16	25.69
THA_M5_Ik__O6	78	5	22.8	18.13
THA_M5_Ik__O8	90	8	28.61	22.22
THA_M5_Ik__O9	61	7	22.2	15.02
THA_M5_Ik__P0	92	8	31.11	22.68
THA_M5_Ik__P1	93	9	32.18	22.82
THA_M5_Ik__P2	86	7	27.21	20.5
THA_M5_Ik__P3	91	7	30	22.42
THA_M5_Ik__P8	91	8	27.59	21.57
THA_M5_Ik__P9	77	8	26.66	20.21
THA_M5_Ik__Q0	75	6	22.01	16.98
THA_M5_Ik__Q1	61	5	21.64	14.99
TUR_F1_Em__O1	80	4	22.98	17.19
TUR_F1_Em__O2	104	6	29.21	21.89
TUR_F1_Em__O3	95	6	25.31	19.21
TUR_F1_Em__O4	109	5	28.04	21.5
TUR_F1_Em__O6	76	6	22.46	15.39
TUR_F1_Em__O8	89	8	28.62	19.83
TUR_F1_Em__O9	58	5	18.69	11.5
TUR_F1_Em__P0	83	5	24.79	18.51
TUR_F1_Em__P1	87	4	23.95	17.21
TUR_F1_Em__P2	94	6	23.43	17.37
TUR_F1_Em__P3	114	8	31.87	24.45
TUR_F1_Em__P8	75	5	21.68	14.62
TUR_F1_Em__P9	106	7	28.75	22.07
TUR_F1_Em__Q0	81	7	23.37	17.21
TUR_F1_Em__Q1	78	6	20.45	14.76
TUR_F2_Fe__O1	80	5	20.06	14.84
TUR_F2_Fe__O2	93	5	23.38	18.48
TUR_F2_Fe__O3	83	5	21.54	15.82
TUR_F2_Fe__O4	102	7	25.72	19.03
TUR_F2_Fe__O6	63	5	17.46	12.38
TUR_F2_Fe__O8	88	5	22.01	16.51
TUR_F2_Fe__O9	55	4	14.86	10.03
TUR_F2_Fe__P0	84	6	20.09	15.69
TUR_F2_Fe__P1	74	5	19.91	14.58
TUR_F2_Fe__P2	81	7	19.81	15.5
TUR_F2_Fe__P3	108	7	26.19	21.03
TUR_F2_Fe__P8	66	6	18.29	13.08
TUR_F2_Fe__P9	99	7	25.94	18.82
TUR_F2_Fe__Q0	75	5	19.77	14.45
TUR_F2_Fe__Q1	63	4	17.57	12.63
TUR_F3_Be__O1	82	4	20.02	17.72
TUR_F3_Be__O2	105	5	24.15	21.21
TUR_F3_Be__O3	100	5	21.73	18.64
TUR_F3_Be__O4	117	6	26.94	23.08
TUR_F3_Be__O6	83	7	19.64	16.48
TUR_F3_Be__O8	99	5	23.17	20.01
TUR_F3_Be__O9	64	4	14.91	11.93
TUR_F3_Be__P0	98	3	21.59	19.21
TUR_F3_Be__P1	92	3	21.32	18.95
TUR_F3_Be__P2	105	6	22.11	18.7
TUR_F3_Be__P3	131	6	28.47	25.34
TUR_F3_Be__P8	85	3	18.81	15.9
TUR_F3_Be__P9	122	7	27.59	23.68
TUR_F3_Be__Q0	95	6	20.67	17.46
TUR_F3_Be__Q1	83	4	18.16	15.22
TUR_F4_Ra__O1	79	4	18.25	15.5
TUR_F4_Ra__O2	103	5	23.5	20.45
TUR_F4_Ra__O3	99	3	20.67	17.69
TUR_F4_Ra__O4	115	5	25.36	21.52
TUR_F4_Ra__O6	80	3	17.93	15
TUR_F4_Ra__O8	104	7	22.85	19.21
TUR_F4_Ra__O9	61	2	12.82	10.75
TUR_F4_Ra__P0	93	3	19.09	16.73
TUR_F4_Ra__P1	89	2	17.51	15.72
TUR_F4_Ra__P2	104	3	20.2	17.47
TUR_F4_Ra__P3	124	6	25.96	22.59
TUR_F4_Ra__P8	85	6	17.93	14.99
TUR_F4_Ra__P9	111	5	22.71	19.29
TUR_F4_Ra__Q0	81	5	18.76	15.42
TUR_F4_Ra__Q1	75	3	16.67	14.02
TUR_F5_Nu__O1	74	5	18.76	14.25
TUR_F5_Nu__O2	103	5	22.2	18.26
TUR_F5_Nu__O3	89	5	20.39	16.57
TUR_F5_Nu__O4	118	6	24.89	20.41
TUR_F5_Nu__O6	77	4	17.51	14.41
TUR_F5_Nu__O8	98	7	22.15	17.15
TUR_F5_Nu__O9	61	4	14.21	10.61
TUR_F5_Nu__P0	91	6	22.24	17.58
TUR_F5_Nu__P1	89	7	20.62	15.69
TUR_F5_Nu__P2	100	6	20.48	16.7
TUR_F5_Nu__P3	114	6	24.43	19.94
TUR_F5_Nu__P8	77	4	15.37	12.7
TUR_F5_Nu__P9	102	5	23.17	19.15
TUR_F5_Nu__Q0	80	5	17.88	13.97
TUR_F5_Nu__Q1	66	4	15.23	12.19
TUR_M1_Ta__O1	59	5	18.61	12.64
TUR_M1_Ta__O2	86	5	19.25	14.82
TUR_M1_Ta__O3	73	5	18.42	13.28
TUR_M1_Ta__O4	86	5	20.94	16.2
TUR_M1_Ta__O6	63	4	16.31	11.22
TUR_M1_Ta__O8	79	6	18.35	13.88
TUR_M1_Ta__O9	47	4	12.64	8.46
TUR_M1_Ta__P0	76	4	18.1	13.9
TUR_M1_Ta__P1	72	5	16.37	12.61
TUR_M1_Ta__P2	79	6	16.56	13.24
TUR_M1_Ta__P3	98	7	24.26	18.04
TUR_M1_Ta__P8	57	5	15.45	10.66
TUR_M1_Ta__P9	86	6	21.13	16.18
TUR_M1_Ta__Q0	61	5	17.75	12.12
TUR_M1_Ta__Q1	58	4	14.68	10.95
TUR_M2_Al__O1	83	5	19.97	15.72
TUR_M2_Al__O2	109	7	24.29	19.36
TUR_M2_Al__O3	102	5	21.13	16.99
TUR_M2_Al__O4	116	7	24.85	20.57
TUR_M2_Al__O6	83	7	17.93	14.1
TUR_M2_Al__O8	104	8	22.01	17.19
TUR_M2_Al__O9	63	4	14.86	10.72
TUR_M2_Al__P0	90	7	20.57	16.36
TUR_M2_Al__P1	88	6	20.71	16.25
TUR_M2_Al__P2	104	8	22.94	18.07
TUR_M2_Al__P3	129	11	28.84	22.97
TUR_M2_Al__P8	75	5	17.6	13.7
TUR_M2_Al__P9	110	8	24.52	19.72
TUR_M2_Al__Q0	83	8	20.15	15.17
TUR_M2_Al__Q1	67	4	16.58	12.55
TUR_M3_En__O2	97	6	23.36	17.89
TUR_M3_En__O3	87	6	21.97	16.82
TUR_M3_En__O4	94	7	22.86	18.32
TUR_M3_En__O6	67	5	17.55	13.71
TUR_M3_En__O8	95	10	25.59	18.57
TUR_M3_En__O9	52	4	15.33	10.53
TUR_M3_En__P0	80	8	22.2	17.25
TUR_M3_En__P1	77	7	21.22	16.83
TUR_M3_En__P2	87	8	21.78	17.06
TUR_M3_En__P3	114	10	28.51	21.62
TUR_M3_En__P8	64	5	16.53	12.83
TUR_M3_En__P9	95	10	24.66	19.86
TUR_M3_En__Q0	74	8	21.22	15.52
TUR_M3_En__Q1	58	4	17.09	13.09
TUR_M4_An__O1	56	4	16.39	12.85
TUR_M4_An__O2	85	4	20.2	16.63
TUR_M4_An__O3	65	5	17.65	14.16
TUR_M4_An__O4	90	5	20.76	17.5
TUR_M4_An__O6	60	5	15.37	12.14
TUR_M4_An__O8	73	5	18.16	14.84
TUR_M4_An__O9	48	6	12.54	10.52
TUR_M4_An__P0	80	3	18.25	15.41
TUR_M4_An__P1	74	5	17.93	14.25
TUR_M4_An__P2	80	5	19.41	16.08
TUR_M4_An__P3	100	7	25.5	20.48
TUR_M4_An__P8	67	3	16.07	12.52
TUR_M4_An__P9	88	5	22.38	18.34
TUR_M4_An__Q0	62	5	18.34	14.28
TUR_M4_An__Q1	64	4	16.25	12.24
TUR_M5_Me__O1	70	4	17.14	14.74
TUR_M5_Me__O2	106	6	23.87	20.38
TUR_M5_Me__O3	89	7	21.73	18.14
TUR_M5_Me__O4	113	5	24.38	21.24
TUR_M5_Me__O6	77	7	18.25	15
TUR_M5_Me__O8	96	7	22.11	18.54
TUR_M5_Me__O9	54	4	13.75	10.84
TUR_M5_Me__P0	88	6	20.53	17.06
TUR_M5_Me__P1	94	5	19.97	16.65
TUR_M5_Me__P2	102	8	22.52	18.01
TUR_M5_Me__P3	117	7	26.15	22.14
TUR_M5_Me__P8	81	3	16.44	13.81
TUR_M5_Me__P9	104	9	25.82	21
TUR_M5_Me__Q0	79	7	20.11	15.77
TUR_M5_Me__Q1	78	4	16.72	13.62
VIE_F1_DTND__O1	51	4	11.14	9.58
VIE_F1_DTND__O2	79	6	21.89	19.18
VIE_F1_DTND__O3	57	6	13.18	10.89
VIE_F1_DTND__O4	90	8	20.8	18.01
VIE_F1_DTND__O6	75	6	18.3	15.63
VIE_F1_DTND__O8	81	7	18.69	15.6
VIE_F1_DTND__O9	53	5	12.8	10.35
VIE_F1_DTND__P0	109	12	24.26	20.17
VIE_F1_DTND__P1	77	7	18.37	15.66
VIE_F1_DTND__P2	82	7	19.14	16.38
VIE_F1_DTND__P3	93	9	22.53	18.39
VIE_F1_DTND__P8	70	6	18.69	15.77
VIE_F1_DTND__P9	62	9	15.74	12.64
VIE_F1_DTND__Q0	60	3	14.14	11.71
VIE_F1_DTND__Q1	59	6	13.5	11.05
VIE_F2_DTNH__O1	51	5	11.97	10.12
VIE_F2_DTNH__O2	99	6	22.14	18.51
VIE_F2_DTNH__O3	58	4	12.48	10.99
VIE_F2_DTNH__O4	91	4	19.26	17.32
VIE_F2_DTNH__O6	87	5	18.5	15.84
VIE_F2_DTNH__O8	81	6	18.11	15.65
VIE_F2_DTNH__O9	50	5	12.1	10.36
VIE_F2_DTNH__P0	107	10	24.77	21.46
VIE_F2_DTNH__P1	78	5	17.73	15.46
VIE_F2_DTNH__P2	85	6	18.24	15.8
VIE_F2_DTNH__P3	91	5	20.42	18.31
VIE_F2_DTNH__P8	81	6	18.3	15.92
VIE_F2_DTNH__P9	61	9	14.91	12.14
VIE_F2_DTNH__Q0	59	5	13.38	11.48
VIE_F2_DTNH__Q1	55	4	12.48	11.17
VIE_F3_Ly__O1	44	2	10.5	8.14
VIE_F3_Ly__O2	83	3	18.46	15.75
VIE_F3_Ly__O3	57	1	12.21	9.6
VIE_F3_Ly__O4	70	3	17.97	15.35
VIE_F3_Ly__O6	69	3	15.65	13.54
VIE_F3_Ly__O8	76	3	16.11	13.5
VIE_F3_Ly__O9	45	0	10.15	8.99
VIE_F3_Ly__P0	89	2	19.62	17.02
VIE_F3_Ly__P1	78	1	15.95	14.39
VIE_F3_Ly__P2	65	1	13.54	12.41
VIE_F3_Ly__P3	80	3	18.07	15.48
VIE_F3_Ly__P8	69	3	13.47	12.24
VIE_F3_Ly__P9	51	0	12.33	10.76
VIE_F3_Ly__Q0	49	1	10.17	8.82
VIE_F3_Ly__Q1	46	1	10.59	8.76
VIE_F4_Ma__O1	48	3	13.3	11.9
VIE_F4_Ma__O2	100	7	23.47	20.42
VIE_F4_Ma__O3	60	3	15.16	13.62
VIE_F4_Ma__O4	90	5	21.62	18.55
VIE_F4_Ma__O6	93	5	22.41	19.36
VIE_F4_Ma__O8	81	4	20.34	18.14
VIE_F4_Ma__O9	52	4	13.05	11.09
VIE_F4_Ma__P0	104	4	26.05	23.47
VIE_F4_Ma__P1	80	4	21.22	17.41
VIE_F4_Ma__P2	82	5	21.85	18.58
VIE_F4_Ma__P3	91	5	22.48	19.78
VIE_F4_Ma__P8	78	5	19.99	17.44
VIE_F4_Ma__P9	67	4	16.14	14.12
VIE_F4_Ma__Q0	58	6	15.76	11.82
VIE_F4_Ma__Q1	53	5	15.44	12.11
VIE_F5_Vu__O1	48	5	12.07	9.88
VIE_F5_Vu__O2	94	7	22.38	19.14
VIE_F5_Vu__O3	57	5	14.44	11.59
VIE_F5_Vu__O4	91	8	21.87	18.39
VIE_F5_Vu__O6	76	8	19.53	16.23
VIE_F5_Vu__O8	83	8	18.83	15.73
VIE_F5_Vu__O9	52	5	12.19	10.09
VIE_F5_Vu__P0	108	11	25.77	21.5
VIE_F5_Vu__P1	83	8	19.29	15.35
VIE_F5_Vu__P2	78	9	19.04	16.05
VIE_F5_Vu__P3	93	10	21.57	17.81
VIE_F5_Vu__P8	81	8	17.81	14.7
VIE_F5_Vu__P9	63	6	14.98	12.46
VIE_F5_Vu__Q0	59	5	13.09	10.86
VIE_F5_Vu__Q1	55	6	12.91	10.52
VIE_M1_NCP1__O1	39	3	9.92	8.07
VIE_M1_NCP1__O2	61	5	18.82	15.77
VIE_M1_NCP1__O3	48	4	12.35	9.95
VIE_M1_NCP1__O4	71	6	19.65	15.61
VIE_M1_NCP1__O6	62	5	17.47	14.09
VIE_M1_NCP1__O8	66	6	17.66	13.45
VIE_M1_NCP1__O9	41	4	12.35	9.29
VIE_M1_NCP1__P0	82	7	22.72	18.26
VIE_M1_NCP1__P1	56	6	17.28	13.81
VIE_M1_NCP1__P2	64	7	18.94	14.2
VIE_M1_NCP1__P3	76	8	21.38	16.24
VIE_M1_NCP1__P8	60	4	15.55	12.94
VIE_M1_NCP1__P9	47	5	14.08	11.01
VIE_M1_NCP1__Q0	48	3	12.16	9.69
VIE_M1_NCP1__Q1	44	4	11.71	9.46
VIE_M2_NVS1__O1	46	5	11.71	9.59
VIE_M2_NVS1__O2	93	7	20.61	17.63
VIE_M2_NVS1__O3	59	6	13.18	11.07
VIE_M2_NVS1__O4	93	8	19.71	16.4
VIE_M2_NVS1__O6	79	5	16.96	14.35
VIE_M2_NVS1__O8	76	7	16.9	14.38
VIE_M2_NVS1__O9	50	6	13.12	9.5
VIE_M2_NVS1__P0	105	10	25.34	21.5
VIE_M2_NVS1__P1	74	7	16.9	13.87
VIE_M2_NVS1__P2	80	7	17.02	14.39
VIE_M2_NVS1__P3	87	8	20.42	17.29
VIE_M2_NVS1__P8	77	8	17.02	14.05
VIE_M2_NVS1__P9	62	7	13.95	11.5
VIE_M2_NVS1__Q0	54	4	11.46	9.57
VIE_M2_NVS1__Q1	54	4	11.01	9.35
VIE_M3_Van__O1	43	2	9.2	7.13
VIE_M3_Van__O2	80	5	16.11	13.67
VIE_M3_Van__O3	52	3	10.4	8.32
VIE_M3_Van__O4	71	3	15.77	12.46
VIE_M3_Van__O6	72	4	15.37	12.6
VIE_M3_Van__O8	66	5	14.28	11.14
VIE_M3_Van__O9	46	2	10.36	7.64
VIE_M3_Van__P0	98	6	20.18	15.7
VIE_M3_Van__P1	81	7	16.58	12.43
VIE_M3_Van__P2	68	5	15.16	11.94
VIE_M3_Van__P3	84	5	17.62	13.66
VIE_M3_Van__P8	71	3	14.19	11.25
VIE_M3_Van__P9	56	5	12.89	9.44
VIE_M3_Van__Q0	52	3	10.38	7.4
VIE_M3_Van__Q1	46	3	11.05	8.05
VIE_M4_Qua__O1	48	5	11.84	9.13
VIE_M4_Qua__O2	92	5	22.22	18.69
VIE_M4_Qua__O3	59	4	13.3	10.94
VIE_M4_Qua__O4	89	7	20.55	17.04
VIE_M4_Qua__O6	86	7	19.16	15.23
VIE_M4_Qua__O8	79	6	18.41	14.85
VIE_M4_Qua__O9	51	5	12.82	9.86
VIE_M4_Qua__P0	106	14	26.96	21.59
VIE_M4_Qua__P1	78	9	19.09	14.52
VIE_M4_Qua__P2	84	7	17.92	15.04
VIE_M4_Qua__P3	90	11	21.13	17.02
VIE_M4_Qua__P8	75	6	15.83	13.64
VIE_M4_Qua__P9	61	6	14.84	11.58
VIE_M4_Qua__Q0	57	4	12.68	10.61
VIE_M4_Qua__Q1	57	6	12.84	10.3
VIE_M5_Ti__O1	48	3	14.74	11.66
VIE_M5_Ti__O2	85	5	22.01	17.88
VIE_M5_Ti__O3	58	4	17.27	13.38
VIE_M5_Ti__O4	93	11	28.13	20.79
VIE_M5_Ti__O6	74	5	21.38	16.58
VIE_M5_Ti__O8	81	7	21.81	16.99
VIE_M5_Ti__O9	53	5	16.74	12.35
VIE_M5_Ti__P0	101	9	27.9	22.28
VIE_M5_Ti__P1	77	8	21.62	16.69
VIE_M5_Ti__P2	75	3	19.58	15.88
VIE_M5_Ti__P3	85	10	25.14	19.8
VIE_M5_Ti__P8	69	4	20.24	15.57
VIE_M5_Ti__P9	62	7	18.06	13.62
VIE_M5_Ti__Q0	54	4	15.14	11.77
VIE_M5_Ti__Q1	56	4	15.26	11.9
YUE_F1_Vi__O1	49	4	12.91	9.62
YUE_F1_Vi__O2	74	5	18.3	14.07
YUE_F1_Vi__O3	91	8	24.94	18.09
YUE_F1_Vi__O4	71	4	16.16	12.41
YUE_F1_Vi__O6	73	4	17.83	13.47
YUE_F1_Vi__O8	81	7	20.71	15.08
YUE_F1_Vi__O9	62	5	18.85	12.79
YUE_F1_Vi__P0	96	9	26.98	19.55
YUE_F1_Vi__P1	81	8	25.82	17.8
YUE_F1_Vi__P2	79	6	20.2	14.55
YUE_F1_Vi__P3	78	7	22.94	16.71
YUE_F1_Vi__P8	79	7	22.76	15.86
YUE_F1_Vi__P9	88	7	24.66	18.2
YUE_F1_Vi__Q0	84	9	24.1	17.26
YUE_F1_Vi__Q1	66	4	20.2	14.73
YUE_F2_Ka__O1	51	4	13.42	9.96
YUE_F2_Ka__O2	75	5	17.41	13.58
YUE_F2_Ka__O3	88	7	21.69	17.13
YUE_F2_Ka__O4	69	4	15.65	12.43
YUE_F2_Ka__O6	71	4	17.37	13.41
YUE_F2_Ka__O8	87	7	19.88	15.14
YUE_F2_Ka__O9	51	4	12.49	9.7
YUE_F2_Ka__P0	93	9	22.94	17.41
YUE_F2_Ka__P1	84	5	21.04	16.26
YUE_F2_Ka__P2	72	6	18.58	13.99
YUE_F2_Ka__P3	75	7	18.76	14.34
YUE_F2_Ka__P8	77	6	18.2	14.22
YUE_F2_Ka__P9	85	5	19.78	15.86
YUE_F2_Ka__Q0	85	8	20.34	15.77
YUE_F2_Ka__Q1	61	4	15.37	12.43
YUE_F3_Ce__O1	49	4	13.65	10.5
YUE_F3_Ce__O2	69	5	16.9	13.65
YUE_F3_Ce__O3	89	7	21.55	17.41
YUE_F3_Ce__O4	69	5	16.02	12.64
YUE_F3_Ce__O6	71	4	17	14.08
YUE_F3_Ce__O8	83	7	18.76	14.91
YUE_F3_Ce__O9	54	3	12.35	10.29
YUE_F3_Ce__P0	93	8	22.38	18.22
YUE_F3_Ce__P1	78	7	20.06	14.89
YUE_F3_Ce__P2	70	5	16.86	13.84
YUE_F3_Ce__P3	74	5	18.95	15.82
YUE_F3_Ce__P8	76	7	18.11	14.38
YUE_F3_Ce__P9	82	6	19.97	16.24
YUE_F3_Ce__Q0	87	6	20.15	16.32
YUE_F3_Ce__Q1	64	4	15.88	13.17
YUE_F5_Ye__O1	50	3	13.93	11.59
YUE_F5_Ye__O2	71	3	17.65	15.46
YUE_F5_Ye__O3	93	5	21.18	18.62
YUE_F5_Ye__O4	71	3	16.21	14.49
YUE_F5_Ye__O6	83	4	18.2	15.8
YUE_F5_Ye__O8	84	7	18.72	16.06
YUE_F5_Ye__O9	50	3	12.82	11.27
YUE_F5_Ye__P0	98	8	22.06	18.93
YUE_F5_Ye__P1	80	7	21.46	18.04
YUE_F5_Ye__P2	73	3	16.72	14.9
YUE_F5_Ye__P3	84	6	20.15	17.01
YUE_F5_Ye__P8	82	3	17.97	15.94
YUE_F5_Ye__P9	84	5	19.69	17.04
YUE_F5_Ye__Q0	83	4	19.37	17.02
YUE_F5_Ye__Q1	70	5	15.93	13.45
YUE_F6_Tra__O1	47	3	13.28	9.76
YUE_F6_Tra__O2	73	6	18.76	14.27
YUE_F6_Tra__O3	74	8	18.76	14.51
YUE_F6_Tra__O4	59	3	15.7	12.72
YUE_F6_Tra__O6	65	4	16.72	13.16
YUE_F6_Tra__O8	72	7	19.32	14.55
YUE_F6_Tra__O9	48	4	14.16	10.53
YUE_F6_Tra__P0	82	6	22.38	18.6
YUE_F6_Tra__P1	74	6	20.34	15.94
YUE_F6_Tra__P2	63	4	16.07	12.68
YUE_F6_Tra__P3	71	6	18.99	15.26
YUE_F6_Tra__P8	76	6	20.43	16.26
YUE_F6_Tra__P9	84	6	20.53	16.4
YUE_F6_Tra__Q0	68	5	18.58	15.03
YUE_F6_Tra__Q1	55	5	16.07	12.44
YUE_M2_Ka__O1	45	4	13.47	9.6
YUE_M2_Ka__O2	68	3	16.63	13.13
YUE_M2_Ka__O3	84	6	20.53	16.62
YUE_M2_Ka__O4	62	5	15.74	12.36
YUE_M2_Ka__O6	73	4	18.58	14.51
YUE_M2_Ka__O8	79	7	20.34	14.56
YUE_M2_Ka__O9	48	5	14.02	9.61
YUE_M2_Ka__P0	91	8	22.85	17.59
YUE_M2_Ka__P1	76	7	20.43	15.5
YUE_M2_Ka__P2	66	5	17.93	13.47
YUE_M2_Ka__P3	75	6	19.23	14.06
YUE_M2_Ka__P8	71	7	19.5	14.18
YUE_M2_Ka__P9	77	6	20.62	15.61
YUE_M2_Ka__Q0	80	6	20.57	15.37
YUE_M2_Ka__Q1	63	5	18.25	12.6
YUE_M3_Bra__O1	54	4	13.79	10.29
YUE_M3_Bra__O2	80	6	18.99	14.54
YUE_M3_Bra__O3	91	8	23.31	17.95
YUE_M3_Bra__O4	70	4	16.72	12.99
YUE_M3_Bra__O6	83	6	19.6	15.42
YUE_M3_Bra__O8	84	7	20.81	15.93
YUE_M3_Bra__O9	49	5	13.1	9.85
YUE_M3_Bra__P0	96	9	22.89	17.48
YUE_M3_Bra__P1	85	8	19.97	15.29
YUE_M3_Bra__P2	77	6	17.74	13.7
YUE_M3_Bra__P3	85	7	21.22	16.32
YUE_M3_Bra__P8	78	6	18.85	14.73
YUE_M3_Bra__P9	91	7	22.48	16.97
YUE_M3_Bra__Q0	85	6	21.92	17.44
YUE_M3_Bra__Q1	70	6	17.14	13.65
YUE_M4_Al__O1	48	4	11.75	8.96
YUE_M4_Al__O2	73	5	17	13.82
YUE_M4_Al__O3	86	7	20.57	15.86
YUE_M4_Al__O4	68	4	14.72	12.14
YUE_M4_Al__O6	74	4	17.18	13.53
YUE_M4_Al__O8	80	7	19.5	14.26
YUE_M4_Al__O9	52	3	11.89	9.5
YUE_M4_Al__P0	93	9	23.59	17.83
YUE_M4_Al__P1	78	6	18.3	14.84
YUE_M4_Al__P2	63	5	17.93	14.12
YUE_M4_Al__P3	80	4	17.37	14.34
YUE_M4_Al__P8	78	8	18.44	13.9
YUE_M4_Al__P9	84	6	19.27	15.64
YUE_M4_Al__Q0	77	9	19.78	15.07
YUE_M4_Al__Q1	58	3	15.65	12.66
YUE_M5_Ed__O1	58	7	16.67	10.83
YUE_M5_Ed__O2	70	5	19.69	13.56
YUE_M5_Ed__O3	89	12	24.61	17.73
YUE_M5_Ed__O4	66	7	18.95	12.95
YUE_M5_Ed__O6	71	5	18.48	13.61
YUE_M5_Ed__O8	86	7	20.39	15.17
YUE_M5_Ed__O9	52	6	15.05	9.73
YUE_M5_Ed__P0	95	12	23.64	16.83
YUE_M5_Ed__P1	81	10	21.41	14.75
YUE_M5_Ed__P2	75	9	19.5	14.19
YUE_M5_Ed__P3	82	7	19.74	14.5
YUE_M5_Ed__P8	76	8	18.25	13.46
YUE_M5_Ed__P9	81	8	22.89	15.82
YUE_M5_Ed__Q0	82	11	21.5	15.03
YUE_M5_Ed__Q1	63	7	17.69	12.77
YUE_M6_Hu__O1	51	6	16.58	10.57
YUE_M6_Hu__O2	72	6	21.08	14.47
YUE_M6_Hu__O3	84	14	23.55	16.5
YUE_M6_Hu__O4	66	6	19.09	14.34
YUE_M6_Hu__O6	79	9	22.94	16.59
YUE_M6_Hu__O8	82	9	26.38	16.66
YUE_M6_Hu__O9	56	5	13.84	10.33
YUE_M6_Hu__P0	94	12	29.44	20.56
YUE_M6_Hu__P1	77	8	21.36	16.13
YUE_M6_Hu__P2	72	8	18.53	13.6
YUE_M6_Hu__P3	78	10	22.85	16.82
YUE_M6_Hu__P8	75	14	22.34	15.25
YUE_M6_Hu__P9	83	9	25.54	18.2
YUE_M6_Hu__Q0	78	8	22.57	15.86
YUE_M6_Hu__Q1	61	8	16.95	12.04
DEU_aj_O1	85	9	25.06	19.1
DEU_aj_O4	97	6	25.66	20
DEU_aj_O6	80	5	22.2	18.18
DEU_aj_O9	57	5	17.27	13.26
DEU_aj_P0	122	12	31.4	25.52
DEU_aj_Q0	114	8	29.57	23.94
DEU_bg_O2	81	12	21.77	16.32
DEU_bg_O3	61	6	17.47	13.15
DEU_bg_O8	80	11	22.39	15.92
DEU_bg_P1	76	11	20.54	14.61
DEU_bg_P2	68	6	19.11	14.48
DEU_bg_P3	76	7	19.93	14.66
DEU_bg_P8	58	6	18.7	13.68
DEU_bg_P9	61	7	19.32	13.34
DEU_bg_Q1	65	7	19.32	14.19
DEU_ga_O1	80	6	19.93	14.96
DEU_ga_O4	80	5	21.36	15.92
DEU_ga_O6	67	7	19.12	13.57
DEU_ga_O9	39	5	13.17	9.6
DEU_ga_P0	98	6	25.66	20.11
DEU_ga_Q0	91	9	23	17.5
DEU_hm_O2	84	5	21.38	18.32
DEU_hm_O3	66	5	18.91	14.83
DEU_hm_O8	84	4	19.92	16.72
DEU_hm_P1	79	5	19.93	15.36
DEU_hm_P2	74	4	19.32	16.03
DEU_hm_P3	76	4	20.95	17.14
DEU_hm_P8	59	8	17.68	14.98
DEU_hm_P9	69	4	19.72	14.37
DEU_hm_Q1	74	4	18.09	14.9
DEU_jm_O2	87	9	20.54	16.82
DEU_jm_O3	67	9	18.09	13.6
DEU_jm_O8	86	7	20.15	15.63
DEU_jm_P1	74	8	19.32	14.72
DEU_jm_P2	70	5	17.89	14.35
DEU_jm_P3	75	8	21.17	15.34
DEU_jm_P8	58	10	17.68	11.65
DEU_jm_P9	74	6	18.71	13.66
DEU_jm_Q1	67	5	17.68	13.84
DEU_mi_O2	118	13	33.25	25.95
DEU_mi_O3	92	10	27.7	20.96
DEU_mi_O8	109	8	28.77	22.99
DEU_mi_P1	103	5	26.69	21.95
DEU_mi_P2	92	7	26.89	21.15
DEU_mi_P3	116	9	32.03	25.68
DEU_mi_P8	93	8	25.47	19.49
DEU_mi_P9	101	8	27.52	21.78
DEU_mi_Q1	93	6	25.66	20.74
DEU_mj_O1	77	5	20.8	15.95
DEU_mj_O4	76	7	21.79	16.48
DEU_mj_O6	72	5	18.92	15.06
DEU_mj_O9	45	5	15.22	10.24
DEU_mj_P0	99	8	26.69	21.7
DEU_mj_Q0	95	7	23.62	18.91
DEU_qk_O1	75	5	18.7	15.36
DEU_qk_O4	83	8	20.54	15.52
DEU_qk_O6	75	5	18.52	14.75
DEU_qk_O9	54	4	13.79	10.46
DEU_qk_P0	99	11	26.48	20.7
DEU_qk_Q0	89	7	22.59	17.9
DEU_sm_O1	73	5	16.67	12.82
DEU_sm_O4	79	6	20.76	13.68
DEU_sm_O6	66	5	16.73	12.37
DEU_sm_O9	46	5	12.76	8.91
DEU_sm_P0	97	8	23.21	17.68
DEU_sm_Q0	90	7	20.54	15.74
DEU_ss_O2	122	5	30.8	26.85
DEU_ss_O3	91	11	27.92	21.81
DEU_ss_O8	109	6	29.2	23.49
DEU_ss_P1	100	8	27.51	23.06
DEU_ss_P2	92	8	25.51	20.45
DEU_ss_P3	100	5	25.92	21.95
DEU_ss_P8	91	7	25.46	19.15
DEU_ss_P9	93	5	25.25	21.82
DEU_ss_Q1	96	8	26.7	19.92
ENG_fa_o1	58	6	14.64	11.72
ENG_fa_o2	77	9	19.08	14.74
ENG_fa_o3	75	7	18.1	14.74
ENG_fa_o4	70	8	20.75	16.77
ENG_fa_o6	58	5	15.4	13.27
ENG_fa_o8	75	7	18.38	14.85
ENG_fa_o9	52	4	13.41	11.19
ENG_fa_p1	93	7	21.03	17.77
ENG_fa_p2	71	8	18.7	14.9
ENG_fa_p3	82	10	21.44	16.8
ENG_fb_q0	69	4	16.1	13.28
ENG_fb_q1	55	4	14.13	10.98
ENG_fc_p0	70	6	18.25	14.4
ENG_fc_p8	61	7	15	11.12
ENG_fc_p9	67	9	18.16	13.46
ENG_fc_q0	62	4	15.83	12.74
ENG_fc_q1	47	7	13.75	9.87
ENG_fd_o1	55	4	12.72	10.26
ENG_fd_o2	64	5	16.17	12.16
ENG_fd_o3	66	4	15.5	12.06
ENG_fd_o4	66	7	17.32	13.65
ENG_fd_o6	53	5	13.49	10.56
ENG_fd_o8	64	6	15.83	12.03
ENG_fd_o9	47	5	11.62	9.4
ENG_fe_o1	56	6	14.73	11.14
ENG_fe_o2	72	5	18.12	14.29
ENG_fe_o3	71	4	17.72	13.59
ENG_fe_o4	72	5	18.52	14.53
ENG_ff_o6	53	5	15.22	11.58
ENG_ff_o8	70	5	17.37	14.21
ENG_ff_o9	48	3	13.29	10.42
ENG_ff_p0	74	5	19.23	16.26
ENG_ff_p1	78	6	18.68	15.73
ENG_ff_p2	69	5	16.64	13.38
ENG_ff_p3	89	8	20.13	16.32
ENG_ff_p8	65	7	16.64	12.85
ENG_ff_p9	79	10	19.93	15.38
ENG_fg_p0	79	7	19.7	15.98
ENG_fg_p1	82	5	21.04	15.54
ENG_fg_p2	64	4	17.06	13.06
ENG_fg_p3	80	7	19.69	14.75
ENG_fg_p8	63	4	15.26	12.26
ENG_fg_p9	88	6	19.03	15.09
ENG_fg_q1	52	5	13.73	10.37
ENG_fh_q0	72	6	20.43	16.13
ENG_fi_o1	60	6	16.52	12.51
ENG_fi_o2	72	7	20.65	16.21
ENG_fi_o3	74	6	19.3	15.18
ENG_fi_o4	73	6	21.18	17.25
ENG_fi_o6	59	4	16.05	12.83
ENG_fi_o8	76	9	20.13	15.41
ENG_fi_o9	58	4	14.25	11.28
ENG_fi_p1	82	8	22.37	17.6
ENG_fi_p2	71	6	20.21	15.94
ENG_fi_p3	86	9	22.28	17.52
ENG_fj_p0	80	6	21.73	18.53
ENG_fj_p8	66	5	17.45	13.86
ENG_fj_p9	81	9	21.49	17.06
ENG_fj_q0	71	6	17.4	14.13
ENG_fj_q1	51	5	15.39	12.15
ITA_a0_O4	63	4	17.65	13.6
ITA_a0_O6	70	4	18.05	13.82
ITA_a0_O8	87	7	22.16	17.7
ITA_a0_O9	55	4	14.37	10.58
ITA_a0_P0	101	4	25.43	21.65
ITA_a0_P8	90	8	23.37	18.18
ITA_a0_P9	84	6	20.92	16.59
ITA_a0_Q1	80	7	21.32	16.66
ITA_ag_O1	68	5	16.83	11.02
ITA_ag_O2	82	5	18.46	13.6
ITA_ag_O3	76	5	17.24	12.11
ITA_ag_P1	76	5	18.05	12.83
ITA_ag_P2	88	4	19.28	14.08
ITA_ag_P3	81	7	20.11	13.68
ITA_au_O1	63	6	20.51	13.41
ITA_au_O2	85	6	23.78	17.49
ITA_au_O3	80	7	22.96	16.82
ITA_b4_O4	65	5	20.92	15.54
ITA_b4_O6	75	4	21.34	16.67
ITA_b4_P8	96	8	27.48	20.98
ITA_b4_P9	80	5	25.01	18.78
ITA_b4_Q0	96	5	26.65	20.14
ITA_b4_Q1	90	7	26.65	20.38
ITA_b6_O8	83	3	17.23	13.98
ITA_b6_O9	54	4	12.33	9.42
ITA_b6_P0	98	7	22.14	17.65
ITA_b6_P1	83	8	19.29	15.25
ITA_b6_P2	86	5	20.1	16.91
ITA_b6_P3	88	4	20.52	17.07
ITA_b7_O4	68	4	16.83	12.78
ITA_b7_O6	70	4	17.65	13.79
ITA_b7_P8	90	4	21.32	16.54
ITA_b7_P9	76	5	18.46	13.5
ITA_b7_Q0	87	4	20.92	16.69
ITA_b7_Q1	85	6	20.93	15.44
ITA_ba_O1	83	12	25.84	17.58
ITA_ba_O2	100	16	29.93	21.14
ITA_ba_O3	90	13	29.53	20.02
ITA_ba_Q0	90	8	27.07	20.93
ITA_bf_O1	75	7	21.73	14.5
ITA_bf_O2	92	7	22.96	17.25
ITA_bf_O3	83	7	21.73	15.92
ITA_bk_O4	71	5	16	11.89
ITA_bk_O8	84	4	17.23	13.7
ITA_bk_O9	53	5	13.54	9.25
ITA_bk_P0	106	4	21.34	17.92
ITA_bk_P1	92	4	19.28	15.1
ITA_bk_P2	90	5	19.7	14.78
ITA_bk_P3	84	6	19.69	14.42
ITA_bk_P9	79	6	17.23	13.46
ITA_bl_O6	75	4	16.83	12.42
ITA_bl_P8	90	4	20.1	16.19
ITA_bl_Q0	89	4	20.11	15.28
ITA_bl_Q1	86	6	20.51	14.58
